/* Generated from JILL_ICON.png for SDL_SetWindowIcon. */
#ifndef JILL_ICON_DATA_H
#define JILL_ICON_DATA_H

#define JILL_ICON_WIDTH 64
#define JILL_ICON_HEIGHT 64
static const unsigned char jill_icon_rgba[JILL_ICON_WIDTH * JILL_ICON_HEIGHT * 4] = {
    0x00, 0x00, 0x00, 0x00, 0x00, 0x00, 0x00, 0x00, 0x00, 0x00, 0x00, 0x00, 0x00, 0x00, 0x00, 0x00,
    0x00, 0x00, 0x00, 0x00, 0x00, 0x00, 0x00, 0x00, 0x00, 0x00, 0x00, 0x00, 0x00, 0x00, 0x00, 0x00,
    0x00, 0x00, 0x00, 0x00, 0x00, 0x00, 0x00, 0x00, 0x00, 0x00, 0x00, 0x00, 0x00, 0x00, 0x00, 0x00,
    0x00, 0x00, 0x00, 0x00, 0x00, 0x00, 0x00, 0x00, 0x00, 0x00, 0x00, 0x00, 0x00, 0x00, 0x00, 0x00,
    0x00, 0x00, 0x00, 0x00, 0x00, 0x00, 0x00, 0x00, 0x00, 0x00, 0x00, 0x00, 0x00, 0x00, 0x00, 0x00,
    0x00, 0x00, 0x00, 0x00, 0x00, 0x00, 0x00, 0x00, 0x00, 0x00, 0x00, 0x00, 0x00, 0x00, 0x00, 0x00,
    0x00, 0x00, 0x00, 0x00, 0x00, 0x00, 0x00, 0x00, 0x00, 0x00, 0x00, 0x00, 0x00, 0x00, 0x00, 0x00,
    0x00, 0x00, 0x00, 0x00, 0x00, 0x00, 0x00, 0x00, 0x00, 0x00, 0x00, 0x00, 0x00, 0x00, 0x00, 0x00,
    0x00, 0x00, 0x00, 0x00, 0x00, 0x00, 0x00, 0x00, 0x00, 0x00, 0x00, 0x00, 0x00, 0x00, 0x00, 0x00,
    0x00, 0x00, 0x00, 0x00, 0x00, 0x00, 0x00, 0x00, 0x00, 0x00, 0x00, 0x00, 0x00, 0x00, 0x00, 0x00,
    0x00, 0x00, 0x00, 0x00, 0x00, 0x00, 0x00, 0x00, 0x00, 0x00, 0x00, 0x00, 0x00, 0x00, 0x00, 0x00,
    0x00, 0x00, 0x00, 0x00, 0x00, 0x00, 0x00, 0x00, 0x00, 0x00, 0x00, 0x00, 0x00, 0x00, 0x00, 0x00,
    0x00, 0x00, 0x00, 0x00, 0x00, 0x00, 0x00, 0x00, 0x00, 0x00, 0x00, 0x00, 0x00, 0x00, 0x00, 0x00,
    0x00, 0x00, 0x00, 0x00, 0x00, 0x00, 0x00, 0x00, 0x00, 0x00, 0x00, 0x00, 0x00, 0x00, 0x00, 0x00,
    0x00, 0x00, 0x00, 0x00, 0x00, 0x00, 0x00, 0x00, 0x00, 0x00, 0x00, 0x00, 0x00, 0x00, 0x00, 0x00,
    0x00, 0x00, 0x00, 0x00, 0x00, 0x00, 0x00, 0x00, 0x00, 0x00, 0x00, 0x00, 0x00, 0x00, 0x00, 0x00,
    0x00, 0x00, 0x00, 0x00, 0x00, 0x00, 0x00, 0x00, 0x00, 0x00, 0x00, 0x00, 0x00, 0x00, 0x00, 0x00,
    0x00, 0x00, 0x00, 0x00, 0x00, 0x00, 0x00, 0x00, 0x00, 0x00, 0x00, 0x00, 0x00, 0x00, 0x00, 0x00,
    0x00, 0x00, 0x00, 0x00, 0x00, 0x00, 0x00, 0x00, 0x00, 0x00, 0x00, 0x00, 0x00, 0x00, 0x00, 0x00,
    0x00, 0x00, 0x00, 0x00, 0x00, 0x00, 0x00, 0x00, 0x00, 0x00, 0x00, 0x00, 0x00, 0x00, 0x00, 0x00,
    0x00, 0x00, 0x00, 0x00, 0x00, 0x00, 0x00, 0x00, 0x00, 0x00, 0x00, 0x00, 0x00, 0x00, 0x00, 0x00,
    0x00, 0x00, 0x00, 0x00, 0x00, 0x00, 0x00, 0x00, 0x00, 0x00, 0x00, 0x00, 0x00, 0x00, 0x00, 0x00,
    0x00, 0x00, 0x00, 0x00, 0x00, 0x00, 0x00, 0x00, 0x00, 0x00, 0x00, 0x00, 0x00, 0x00, 0x00, 0x00,
    0x00, 0x00, 0x00, 0x00, 0x00, 0x00, 0x00, 0x00, 0x00, 0x00, 0x00, 0x00, 0x00, 0x00, 0x00, 0x00,
    0x00, 0x00, 0x00, 0x00, 0x00, 0x00, 0x00, 0x00, 0x00, 0x00, 0x00, 0x00, 0x00, 0x00, 0x00, 0x00,
    0x00, 0x00, 0x00, 0x00, 0x00, 0x00, 0x00, 0x00, 0x00, 0x00, 0x00, 0x00, 0x00, 0x00, 0x00, 0x00,
    0x00, 0x00, 0x00, 0x00, 0x00, 0x00, 0x00, 0x00, 0x00, 0x00, 0x00, 0x00, 0x00, 0x00, 0x00, 0x00,
    0x00, 0x00, 0x00, 0x00, 0x00, 0x00, 0x00, 0x00, 0x00, 0x00, 0x00, 0x00, 0x00, 0x00, 0x00, 0x00,
    0x00, 0x00, 0x00, 0x00, 0x00, 0x00, 0x00, 0x00, 0x00, 0x00, 0x00, 0x00, 0x00, 0x00, 0x00, 0x00,
    0x00, 0x00, 0x00, 0x00, 0x00, 0x00, 0x00, 0x00, 0x00, 0x00, 0x00, 0x00, 0x00, 0x00, 0x00, 0x00,
    0x00, 0x00, 0x00, 0x00, 0x00, 0x00, 0x00, 0x00, 0x00, 0x00, 0x00, 0x00, 0x00, 0x00, 0x00, 0x00,
    0x00, 0x00, 0x00, 0x00, 0x00, 0x00, 0x00, 0x00, 0x00, 0x00, 0x00, 0x00, 0x00, 0x00, 0x00, 0x00,
    0x00, 0x00, 0x00, 0x00, 0x00, 0x00, 0x00, 0x00, 0x00, 0x00, 0x00, 0x00, 0x00, 0x00, 0x00, 0x00,
    0x00, 0x00, 0x00, 0x00, 0x00, 0x00, 0x00, 0x00, 0x00, 0x00, 0x00, 0x00, 0x00, 0x00, 0x00, 0x00,
    0x00, 0x00, 0x00, 0x00, 0x00, 0x00, 0x00, 0x00, 0x00, 0x00, 0x00, 0x00, 0x00, 0x00, 0x00, 0x00,
    0x00, 0x00, 0x00, 0x00, 0x00, 0x00, 0x00, 0x00, 0x00, 0x00, 0x00, 0x00, 0x00, 0x00, 0x00, 0x00,
    0x00, 0x00, 0x00, 0x00, 0x00, 0x00, 0x00, 0x00, 0x00, 0x00, 0x00, 0x00, 0x00, 0x00, 0x00, 0x00,
    0x00, 0x00, 0x00, 0x00, 0x00, 0x00, 0x00, 0x00, 0x00, 0x00, 0x00, 0x00, 0x00, 0x00, 0x00, 0x00,
    0x00, 0x00, 0x00, 0x00, 0x00, 0x00, 0x00, 0x00, 0x00, 0x00, 0x00, 0x00, 0x00, 0x00, 0x00, 0x00,
    0x00, 0x00, 0x00, 0x00, 0x00, 0x00, 0x00, 0x00, 0x00, 0x00, 0x00, 0x00, 0x00, 0x00, 0x00, 0x00,
    0x00, 0x00, 0x00, 0x00, 0x00, 0x00, 0x00, 0x00, 0x00, 0x00, 0x00, 0x00, 0x00, 0x00, 0x00, 0x00,
    0x00, 0x00, 0x00, 0x00, 0x00, 0x00, 0x00, 0x00, 0x00, 0x00, 0x00, 0x00, 0x00, 0x00, 0x00, 0x00,
    0x00, 0x00, 0x00, 0x00, 0x00, 0x00, 0x00, 0x00, 0x00, 0x00, 0x00, 0x00, 0x00, 0x00, 0x00, 0x00,
    0x00, 0x00, 0x00, 0x00, 0x00, 0x00, 0x00, 0x00, 0x00, 0x00, 0x00, 0x00, 0x00, 0x00, 0x00, 0x00,
    0x00, 0x00, 0x00, 0x00, 0x00, 0x00, 0x00, 0x00, 0x00, 0x00, 0x00, 0x00, 0x00, 0x00, 0x00, 0x00,
    0x00, 0x00, 0x00, 0x00, 0x00, 0x00, 0x00, 0x00, 0x00, 0x00, 0x00, 0x00, 0x00, 0x00, 0x00, 0x00,
    0x00, 0x00, 0x00, 0x00, 0x00, 0x00, 0x00, 0x00, 0x00, 0x00, 0x00, 0x00, 0x00, 0x00, 0x00, 0x00,
    0x00, 0x00, 0x00, 0x00, 0x00, 0x00, 0x00, 0x00, 0x00, 0x00, 0x00, 0x00, 0x00, 0x00, 0x00, 0x00,
    0x00, 0x00, 0x00, 0x00, 0x00, 0x00, 0x00, 0x00, 0x00, 0x00, 0x00, 0x00, 0x00, 0x00, 0x00, 0x00,
    0x00, 0x00, 0x00, 0x00, 0x00, 0x00, 0x00, 0x00, 0x00, 0x00, 0x00, 0x00, 0x00, 0x00, 0x00, 0x00,
    0x00, 0x00, 0x00, 0x00, 0x00, 0x00, 0x00, 0x00, 0x00, 0x00, 0x00, 0x00, 0x00, 0x00, 0x00, 0x00,
    0x00, 0x00, 0x00, 0x00, 0x00, 0x00, 0x00, 0x00, 0x00, 0x00, 0x00, 0x00, 0x00, 0x00, 0x00, 0x00,
    0x00, 0x00, 0x00, 0x00, 0x00, 0x00, 0x00, 0x00, 0x00, 0x00, 0x00, 0x00, 0x00, 0x00, 0x00, 0x00,
    0x00, 0x00, 0x00, 0x00, 0x00, 0x00, 0x00, 0x00, 0x00, 0x00, 0x00, 0x00, 0x00, 0x00, 0x00, 0x00,
    0x00, 0x00, 0x00, 0x00, 0x00, 0x00, 0x00, 0x00, 0x00, 0x00, 0x00, 0x00, 0x00, 0x00, 0x00, 0x00,
    0x00, 0x00, 0x00, 0x00, 0x00, 0x00, 0x00, 0x00, 0x00, 0x00, 0x00, 0x00, 0x00, 0x00, 0x00, 0x00,
    0x00, 0x00, 0x00, 0x00, 0x00, 0x00, 0x00, 0x00, 0x00, 0x00, 0x00, 0x00, 0x00, 0x00, 0x00, 0x00,
    0x00, 0x00, 0x00, 0x00, 0x00, 0x00, 0x00, 0x00, 0x00, 0x00, 0x00, 0x00, 0x00, 0x00, 0x00, 0x00,
    0x00, 0x00, 0x00, 0x00, 0x00, 0x00, 0x00, 0x00, 0x00, 0x00, 0x00, 0x00, 0x00, 0x00, 0x00, 0x00,
    0x00, 0x00, 0x00, 0x00, 0x00, 0x00, 0x00, 0x00, 0x00, 0x00, 0x00, 0x00, 0x00, 0x00, 0x00, 0x00,
    0x00, 0x00, 0x00, 0x00, 0x00, 0x00, 0x00, 0x00, 0x00, 0x00, 0x00, 0x00, 0x00, 0x00, 0x00, 0x00,
    0x00, 0x00, 0x00, 0x00, 0x00, 0x00, 0x00, 0x00, 0x00, 0x00, 0x00, 0x00, 0x00, 0x00, 0x00, 0x00,
    0x00, 0x00, 0x00, 0x00, 0x00, 0x00, 0x00, 0x00, 0x00, 0x00, 0x00, 0x00, 0x00, 0x00, 0x00, 0x00,
    0x00, 0x00, 0x00, 0x00, 0x00, 0x00, 0x00, 0x00, 0x00, 0x00, 0x00, 0x00, 0x00, 0x00, 0x00, 0x00,
    0x00, 0x00, 0x00, 0x00, 0x00, 0x00, 0x00, 0x00, 0x00, 0x00, 0x00, 0x00, 0x00, 0x00, 0x00, 0x00,
    0x00, 0x00, 0x00, 0x00, 0x00, 0x00, 0x00, 0x00, 0x00, 0x00, 0x00, 0x00, 0x00, 0x00, 0x00, 0x00,
    0x00, 0x00, 0x00, 0x00, 0x00, 0x00, 0x00, 0x00, 0x00, 0x00, 0x00, 0x00, 0x00, 0x00, 0x00, 0x00,
    0x00, 0x00, 0x00, 0x00, 0x00, 0x00, 0x00, 0x00, 0x00, 0x00, 0x00, 0x00, 0x00, 0x00, 0x00, 0x00,
    0x00, 0x00, 0x00, 0x00, 0x00, 0x00, 0x00, 0x00, 0x00, 0x00, 0x00, 0x00, 0x00, 0x00, 0x00, 0x00,
    0x00, 0x00, 0x00, 0x00, 0x00, 0x00, 0x00, 0x00, 0x00, 0x00, 0x00, 0x00, 0x00, 0x00, 0x00, 0x00,
    0x00, 0x00, 0x00, 0x00, 0x00, 0x00, 0x00, 0x00, 0x00, 0x00, 0x00, 0x00, 0x00, 0x00, 0x00, 0x00,
    0x00, 0x00, 0x00, 0x00, 0x00, 0x00, 0x00, 0x00, 0x00, 0x00, 0x00, 0x00, 0x00, 0x00, 0x00, 0x00,
    0x00, 0x00, 0x00, 0x00, 0x00, 0x00, 0x00, 0x00, 0x00, 0x00, 0x00, 0x00, 0x00, 0x00, 0x00, 0x00,
    0x00, 0x00, 0x00, 0x00, 0x00, 0x00, 0x00, 0x00, 0x00, 0x00, 0x00, 0x00, 0x00, 0x00, 0x00, 0x00,
    0x00, 0x00, 0x00, 0x00, 0x00, 0x00, 0x00, 0x00, 0x00, 0x00, 0x00, 0x00, 0x00, 0x00, 0x00, 0x00,
    0x00, 0x00, 0x00, 0x00, 0x00, 0x00, 0x00, 0x00, 0x00, 0x00, 0x00, 0x00, 0x00, 0x00, 0x00, 0x00,
    0x00, 0x00, 0x00, 0x00, 0x00, 0x00, 0x00, 0x00, 0x00, 0x00, 0x00, 0x00, 0x00, 0x00, 0x00, 0x00,
    0x00, 0x00, 0x00, 0x00, 0x00, 0x00, 0x00, 0x00, 0x00, 0x00, 0x00, 0x00, 0x00, 0x00, 0x00, 0x00,
    0x00, 0x00, 0x00, 0x00, 0x00, 0x00, 0x00, 0x00, 0x00, 0x00, 0x00, 0x00, 0x00, 0x00, 0x00, 0x00,
    0x00, 0x00, 0x00, 0x00, 0x00, 0x00, 0x00, 0x00, 0x00, 0x00, 0x00, 0x00, 0x00, 0x00, 0x00, 0x00,
    0x00, 0x00, 0x00, 0x00, 0x00, 0x00, 0x00, 0x00, 0x00, 0x00, 0x00, 0x00, 0x00, 0x00, 0x00, 0x00,
    0x00, 0x00, 0x00, 0x00, 0x00, 0x00, 0x00, 0x00, 0x00, 0x00, 0x00, 0x00, 0x00, 0x00, 0x00, 0x00,
    0x00, 0x00, 0x00, 0x00, 0x00, 0x00, 0x00, 0x00, 0x00, 0x00, 0x00, 0x00, 0x00, 0x00, 0x00, 0x00,
    0x00, 0x00, 0x00, 0x00, 0x00, 0x00, 0x00, 0x00, 0x00, 0x00, 0x00, 0x00, 0x00, 0x00, 0x00, 0x00,
    0x00, 0x00, 0x00, 0x00, 0x00, 0x00, 0x00, 0x00, 0x00, 0x00, 0x00, 0x00, 0x00, 0x00, 0x00, 0x00,
    0x00, 0x00, 0x00, 0x00, 0x00, 0x00, 0x00, 0x00, 0x00, 0x00, 0x00, 0x00, 0x00, 0x00, 0x00, 0x00,
    0x00, 0x00, 0x00, 0x00, 0x00, 0x00, 0x00, 0x00, 0x00, 0x00, 0x00, 0x00, 0x00, 0x00, 0x00, 0x00,
    0x00, 0x00, 0x00, 0x00, 0x00, 0x00, 0x00, 0x00, 0x00, 0x00, 0x00, 0x00, 0x00, 0x00, 0x00, 0x00,
    0x00, 0x00, 0x00, 0x00, 0x00, 0x00, 0x00, 0x01, 0x00, 0x00, 0x00, 0x02, 0x00, 0x00, 0x00, 0x02,
    0x00, 0x00, 0x00, 0x02, 0x00, 0x00, 0x00, 0x01, 0x00, 0x00, 0x00, 0x00, 0x00, 0x00, 0x00, 0x00,
    0x00, 0x00, 0x00, 0x00, 0x00, 0x00, 0x00, 0x00, 0x00, 0x00, 0x00, 0x00, 0x00, 0x00, 0x00, 0x00,
    0x00, 0x00, 0x00, 0x00, 0x00, 0x00, 0x00, 0x00, 0x00, 0x00, 0x00, 0x00, 0x00, 0x00, 0x00, 0x00,
    0x00, 0x00, 0x00, 0x00, 0x00, 0x00, 0x00, 0x00, 0x00, 0x00, 0x00, 0x00, 0x00, 0x00, 0x00, 0x00,
    0x00, 0x00, 0x00, 0x00, 0x00, 0x00, 0x00, 0x00, 0x00, 0x00, 0x00, 0x00, 0x00, 0x00, 0x00, 0x00,
    0x00, 0x00, 0x00, 0x00, 0x00, 0x00, 0x00, 0x00, 0x00, 0x00, 0x00, 0x00, 0x00, 0x00, 0x00, 0x00,
    0x00, 0x00, 0x00, 0x00, 0x00, 0x00, 0x00, 0x00, 0x00, 0x00, 0x00, 0x00, 0x00, 0x00, 0x00, 0x00,
    0x00, 0x00, 0x00, 0x00, 0x00, 0x00, 0x00, 0x00, 0x00, 0x00, 0x00, 0x00, 0x00, 0x00, 0x00, 0x00,
    0x00, 0x00, 0x00, 0x00, 0x00, 0x00, 0x00, 0x00, 0x00, 0x00, 0x00, 0x00, 0x00, 0x00, 0x00, 0x00,
    0x00, 0x00, 0x00, 0x00, 0x00, 0x00, 0x00, 0x00, 0x00, 0x00, 0x00, 0x00, 0x00, 0x00, 0x00, 0x00,
    0x00, 0x00, 0x00, 0x00, 0x00, 0x00, 0x00, 0x00, 0x00, 0x00, 0x00, 0x00, 0x00, 0x00, 0x00, 0x00,
    0x00, 0x00, 0x00, 0x00, 0x00, 0x00, 0x00, 0x00, 0x00, 0x00, 0x00, 0x00, 0x00, 0x00, 0x00, 0x00,
    0x00, 0x00, 0x00, 0x00, 0x00, 0x00, 0x00, 0x00, 0x00, 0x00, 0x00, 0x00, 0x00, 0x00, 0x00, 0x00,
    0x00, 0x00, 0x00, 0x00, 0x00, 0x00, 0x00, 0x00, 0x00, 0x00, 0x00, 0x00, 0x00, 0x00, 0x00, 0x00,
    0x00, 0x00, 0x00, 0x00, 0x00, 0x00, 0x00, 0x00, 0x00, 0x00, 0x00, 0x00, 0x00, 0x00, 0x00, 0x00,
    0x00, 0x00, 0x00, 0x01, 0x01, 0x01, 0x00, 0x00, 0x00, 0x00, 0x00, 0x00, 0x00, 0x00, 0x00, 0x00,
    0x00, 0x00, 0x00, 0x00, 0x00, 0x00, 0x00, 0x00, 0xff, 0xff, 0x00, 0x01, 0x00, 0x00, 0x00, 0x00,
    0x00, 0x00, 0x00, 0x00, 0x00, 0x00, 0x00, 0x00, 0x00, 0x00, 0x00, 0x00, 0x00, 0x00, 0x00, 0x00,
    0x00, 0x00, 0x00, 0x00, 0x00, 0x00, 0x00, 0x00, 0x00, 0x00, 0x00, 0x00, 0x00, 0x00, 0x00, 0x00,
    0x00, 0x00, 0x00, 0x00, 0x00, 0x00, 0x00, 0x00, 0x00, 0x00, 0x00, 0x00, 0x00, 0x00, 0x00, 0x00,
    0x00, 0x00, 0x00, 0x00, 0x00, 0x00, 0x00, 0x00, 0x00, 0x00, 0x00, 0x00, 0x00, 0x00, 0x00, 0x00,
    0x00, 0x00, 0x00, 0x00, 0x00, 0x00, 0x00, 0x00, 0x00, 0x00, 0x00, 0x00, 0x00, 0x00, 0x00, 0x00,
    0x00, 0x00, 0x00, 0x00, 0x00, 0x00, 0x00, 0x00, 0x00, 0x00, 0x00, 0x00, 0x00, 0x00, 0x00, 0x00,
    0x00, 0x00, 0x00, 0x00, 0x00, 0x00, 0x00, 0x00, 0x00, 0x00, 0x00, 0x00, 0x00, 0x00, 0x00, 0x00,
    0x00, 0x00, 0x00, 0x00, 0x00, 0x00, 0x00, 0x00, 0x00, 0x00, 0x00, 0x00, 0x00, 0x00, 0x00, 0x00,
    0x00, 0x00, 0x00, 0x00, 0x00, 0x00, 0x00, 0x00, 0x00, 0x00, 0x00, 0x00, 0x00, 0x00, 0x00, 0x00,
    0x00, 0x00, 0x00, 0x00, 0x00, 0x00, 0x00, 0x00, 0x00, 0x00, 0x00, 0x00, 0x00, 0x00, 0x00, 0x00,
    0x00, 0x00, 0x00, 0x00, 0x00, 0x00, 0x00, 0x00, 0x00, 0x00, 0x00, 0x00, 0x00, 0x00, 0x00, 0x00,
    0x00, 0x00, 0x00, 0x00, 0x00, 0x00, 0x00, 0x00, 0x00, 0x00, 0x00, 0x00, 0x00, 0x00, 0x00, 0x00,
    0x00, 0x00, 0x00, 0x00, 0x00, 0x00, 0x00, 0x00, 0x00, 0x00, 0x00, 0x00, 0x00, 0x00, 0x00, 0x00,
    0x00, 0x00, 0x00, 0x00, 0x00, 0x00, 0x00, 0x00, 0x00, 0x00, 0x00, 0x00, 0x00, 0x00, 0x00, 0x01,
    0x00, 0x00, 0x00, 0x00, 0x00, 0x00, 0x00, 0x10, 0x00, 0x00, 0x07, 0x48, 0x00, 0x00, 0x07, 0x47,
    0x00, 0x00, 0x06, 0x4c, 0x00, 0x00, 0x05, 0x2d, 0x00, 0x00, 0x00, 0x00, 0xff, 0xff, 0x00, 0x01,
    0xff, 0x00, 0x00, 0x01, 0x00, 0x00, 0x00, 0x00, 0x00, 0x00, 0x00, 0x00, 0x00, 0x00, 0x00, 0x00,
    0x00, 0x00, 0x00, 0x00, 0x00, 0x00, 0x00, 0x00, 0x00, 0x00, 0x00, 0x00, 0x00, 0x00, 0x00, 0x00,
    0x00, 0x00, 0x00, 0x00, 0x00, 0x00, 0x00, 0x00, 0x00, 0x00, 0x00, 0x00, 0x00, 0x00, 0x00, 0x00,
    0x00, 0x00, 0x00, 0x00, 0x00, 0x00, 0x00, 0x00, 0x00, 0x00, 0x00, 0x00, 0x00, 0x00, 0x00, 0x00,
    0x00, 0x00, 0x00, 0x00, 0x00, 0x00, 0x00, 0x00, 0x00, 0x00, 0x00, 0x00, 0x00, 0x00, 0x00, 0x00,
    0x00, 0x00, 0x00, 0x00, 0x00, 0x00, 0x00, 0x00, 0x00, 0x00, 0x00, 0x00, 0x00, 0x00, 0x00, 0x00,
    0x00, 0x00, 0x00, 0x00, 0x00, 0x00, 0x00, 0x00, 0x00, 0x00, 0x00, 0x00, 0x00, 0x00, 0x00, 0x00,
    0x00, 0x00, 0x00, 0x00, 0x00, 0x00, 0x00, 0x00, 0x00, 0x00, 0x00, 0x00, 0x00, 0x00, 0x00, 0x00,
    0x00, 0x00, 0x00, 0x00, 0x00, 0x00, 0x00, 0x00, 0x00, 0x00, 0x00, 0x00, 0x00, 0x00, 0x00, 0x00,
    0x00, 0x00, 0x00, 0x00, 0x00, 0x00, 0x00, 0x00, 0x00, 0x00, 0x00, 0x00, 0x00, 0x00, 0x00, 0x00,
    0x00, 0x00, 0x00, 0x00, 0x00, 0x00, 0x00, 0x00, 0x00, 0x00, 0x00, 0x00, 0x00, 0x00, 0x00, 0x00,
    0x00, 0x00, 0x00, 0x00, 0x00, 0x00, 0x00, 0x00, 0x00, 0x00, 0x00, 0x00, 0x00, 0x00, 0x00, 0x00,
    0x00, 0x00, 0x00, 0x00, 0x00, 0x00, 0x00, 0x00, 0xff, 0xff, 0x00, 0x01, 0x01, 0x01, 0x00, 0x00,
    0x01, 0x01, 0x00, 0x00, 0x00, 0x00, 0x00, 0x01, 0x00, 0x00, 0x00, 0x02, 0x03, 0x03, 0x01, 0x00,
    0x00, 0x00, 0x0b, 0x16, 0x75, 0x6e, 0x25, 0x8f, 0xe3, 0xe3, 0x3b, 0xe9, 0xde, 0xdc, 0x37, 0xe7,
    0xe1, 0xe1, 0x37, 0xeb, 0xbb, 0xb6, 0x2e, 0xc1, 0x0f, 0x13, 0x07, 0x43, 0x00, 0x00, 0x00, 0x00,
    0x00, 0x00, 0x00, 0x00, 0xff, 0xff, 0x00, 0x01, 0x00, 0x00, 0x00, 0x00, 0x00, 0x00, 0x00, 0x00,
    0x00, 0x00, 0x00, 0x00, 0x00, 0x00, 0x00, 0x00, 0x00, 0x00, 0x00, 0x00, 0x00, 0x00, 0x00, 0x00,
    0x00, 0x00, 0x00, 0x00, 0x00, 0x00, 0x00, 0x00, 0x00, 0x00, 0x00, 0x00, 0x00, 0x00, 0x00, 0x00,
    0x00, 0x00, 0x00, 0x00, 0x00, 0x00, 0x00, 0x00, 0x00, 0x00, 0x00, 0x00, 0x00, 0x00, 0x00, 0x00,
    0x00, 0x00, 0x00, 0x00, 0x00, 0x00, 0x00, 0x00, 0x00, 0x00, 0x00, 0x00, 0x00, 0x00, 0x00, 0x00,
    0x00, 0x00, 0x00, 0x00, 0x00, 0x00, 0x00, 0x00, 0x00, 0x00, 0x00, 0x00, 0x00, 0x00, 0x00, 0x00,
    0x00, 0x00, 0x00, 0x00, 0x00, 0x00, 0x00, 0x00, 0x00, 0x00, 0x00, 0x00, 0x00, 0x00, 0x00, 0x00,
    0x00, 0x00, 0x00, 0x00, 0x00, 0x00, 0x00, 0x00, 0x00, 0x00, 0x00, 0x00, 0x00, 0x00, 0x00, 0x00,
    0x00, 0x00, 0x00, 0x00, 0x00, 0x00, 0x00, 0x00, 0x00, 0x00, 0x00, 0x00, 0x00, 0x00, 0x00, 0x00,
    0x00, 0x00, 0x00, 0x00, 0x00, 0x00, 0x00, 0x00, 0x00, 0x00, 0x00, 0x00, 0x00, 0x00, 0x00, 0x00,
    0x00, 0x00, 0x00, 0x00, 0x00, 0x00, 0x00, 0x00, 0x00, 0x00, 0x00, 0x00, 0x00, 0x00, 0x00, 0x00,
    0x00, 0x00, 0x00, 0x00, 0x00, 0x00, 0x00, 0x00, 0x00, 0x00, 0x00, 0x00, 0x00, 0x00, 0x00, 0x00,
    0x00, 0x00, 0x00, 0x00, 0x01, 0x01, 0x00, 0x00, 0x00, 0x00, 0x00, 0x00, 0x00, 0x00, 0x00, 0x00,
    0x00, 0x00, 0x00, 0x00, 0x00, 0x00, 0x00, 0x00, 0x03, 0x02, 0x00, 0x00, 0x00, 0x00, 0x0b, 0x17,
    0x74, 0x6a, 0x1a, 0x9b, 0xf2, 0xee, 0x1a, 0xfc, 0xff, 0xfa, 0x10, 0xff, 0xff, 0xfd, 0x0f, 0xff,
    0xff, 0xec, 0x0c, 0xff, 0xfe, 0xdd, 0x0f, 0xff, 0xd3, 0xb5, 0x25, 0xea, 0x44, 0x1d, 0x1f, 0x82,
    0x17, 0x1b, 0x09, 0x37, 0x00, 0x00, 0x00, 0x00, 0xff, 0xff, 0x00, 0x01, 0x00, 0x00, 0x00, 0x00,
    0x00, 0x00, 0x00, 0x00, 0x00, 0x00, 0x00, 0x00, 0x00, 0x00, 0x00, 0x00, 0x00, 0x00, 0x00, 0x00,
    0x00, 0x00, 0x00, 0x00, 0x00, 0x00, 0x00, 0x00, 0x00, 0x00, 0x00, 0x00, 0x00, 0x00, 0x00, 0x00,
    0x00, 0x00, 0x00, 0x00, 0x00, 0x00, 0x00, 0x00, 0x00, 0x00, 0x00, 0x00, 0x00, 0x00, 0x00, 0x00,
    0x00, 0x00, 0x00, 0x00, 0x00, 0x00, 0x00, 0x00, 0x00, 0x00, 0x00, 0x00, 0x00, 0x00, 0x00, 0x00,
    0x00, 0x00, 0x00, 0x00, 0x00, 0x00, 0x00, 0x00, 0x00, 0x00, 0x00, 0x00, 0x00, 0x00, 0x00, 0x00,
    0x00, 0x00, 0x00, 0x00, 0x00, 0x00, 0x00, 0x00, 0x00, 0x00, 0x00, 0x00, 0x00, 0x00, 0x00, 0x00,
    0x00, 0x00, 0x00, 0x00, 0x00, 0x00, 0x00, 0x00, 0x00, 0x00, 0x00, 0x00, 0x00, 0x00, 0x00, 0x00,
    0x00, 0x00, 0x00, 0x00, 0x00, 0x00, 0x00, 0x00, 0x00, 0x00, 0x00, 0x00, 0x00, 0x00, 0x00, 0x00,
    0x00, 0x00, 0x00, 0x00, 0x00, 0x00, 0x00, 0x00, 0x00, 0x00, 0x00, 0x00, 0x00, 0x00, 0x00, 0x00,
    0x00, 0x00, 0x00, 0x00, 0x00, 0x00, 0x00, 0x00, 0x00, 0x00, 0x00, 0x00, 0x00, 0x00, 0x00, 0x00,
    0x00, 0x00, 0x00, 0x00, 0x00, 0x00, 0x00, 0x00, 0x00, 0x00, 0x00, 0x00, 0x00, 0x00, 0x00, 0x01,
    0x01, 0x01, 0x00, 0x00, 0x00, 0x00, 0x00, 0x03, 0x29, 0x26, 0x13, 0x50, 0x2a, 0x2a, 0x11, 0x65,
    0x29, 0x1d, 0x0c, 0x68, 0x0a, 0x14, 0x0a, 0x19, 0x00, 0x11, 0x11, 0x0f, 0x49, 0x38, 0x17, 0xa6,
    0xe8, 0xce, 0x11, 0xfb, 0xff, 0xff, 0x2d, 0xff, 0xfb, 0xf7, 0x2d, 0xfd, 0xfb, 0xf7, 0x2c, 0xfe,
    0xfa, 0xf7, 0x1f, 0xfe, 0xfd, 0xe6, 0x06, 0xfe, 0xff, 0xda, 0x14, 0xff, 0xef, 0xe7, 0x2c, 0xff,
    0xc0, 0xbb, 0x24, 0xd1, 0x1f, 0x1f, 0x07, 0x41, 0x00, 0x01, 0x00, 0x00, 0x00, 0x00, 0x00, 0x02,
    0x00, 0x00, 0x00, 0x00, 0x00, 0x00, 0x00, 0x00, 0x00, 0x00, 0x00, 0x00, 0x00, 0x00, 0x00, 0x00,
    0x00, 0x00, 0x00, 0x00, 0x00, 0x00, 0x00, 0x00, 0x00, 0x00, 0x00, 0x00, 0x00, 0x00, 0x00, 0x00,
    0x00, 0x00, 0x00, 0x00, 0x00, 0x00, 0x00, 0x00, 0x00, 0x00, 0x00, 0x00, 0x00, 0x00, 0x00, 0x00,
    0x00, 0x00, 0x00, 0x00, 0x00, 0x00, 0x00, 0x00, 0x00, 0x00, 0x00, 0x00, 0x00, 0x00, 0x00, 0x00,
    0x00, 0x00, 0x00, 0x00, 0x00, 0x00, 0x00, 0x00, 0x00, 0x00, 0x00, 0x00, 0x00, 0x00, 0x00, 0x00,
    0x00, 0x00, 0x00, 0x00, 0x00, 0x00, 0x00, 0x00, 0x00, 0x00, 0x00, 0x00, 0x00, 0x00, 0x00, 0x00,
    0x00, 0x00, 0x00, 0x00, 0x00, 0x00, 0x00, 0x00, 0x00, 0x00, 0x00, 0x00, 0x00, 0x00, 0x00, 0x00,
    0x00, 0x00, 0x00, 0x00, 0x00, 0x00, 0x00, 0x00, 0x00, 0x00, 0x00, 0x00, 0x00, 0x00, 0x00, 0x00,
    0x00, 0x00, 0x00, 0x00, 0x00, 0x00, 0x00, 0x00, 0x00, 0x00, 0x00, 0x00, 0x00, 0x00, 0x00, 0x00,
    0x00, 0x00, 0x00, 0x00, 0x00, 0x00, 0x00, 0x00, 0x00, 0x00, 0x00, 0x00, 0x00, 0x00, 0x00, 0x00,
    0x00, 0x00, 0x00, 0x00, 0x00, 0x00, 0x00, 0x00, 0x00, 0x00, 0x00, 0x01, 0x02, 0x02, 0x00, 0x00,
    0x00, 0x00, 0x00, 0x03, 0x30, 0x2a, 0x19, 0x5a, 0xd8, 0xd4, 0x37, 0xe2, 0xf1, 0xf0, 0x34, 0xf8,
    0xf0, 0xbb, 0x0f, 0xf9, 0x6d, 0x39, 0x06, 0x93, 0x18, 0x00, 0x0b, 0xb4, 0xd7, 0xa5, 0x0a, 0xfc,
    0xff, 0xfe, 0x29, 0xff, 0xfa, 0xfa, 0x38, 0xfe, 0xfd, 0xfd, 0x38, 0xff, 0xfd, 0xfd, 0x2f, 0xff,
    0xfe, 0xf7, 0x29, 0xff, 0xfe, 0xf6, 0x24, 0xff, 0xfc, 0xfb, 0x27, 0xfe, 0xff, 0xff, 0x2f, 0xfe,
    0xfd, 0xfd, 0x30, 0xff, 0xc1, 0xba, 0x26, 0xd0, 0x29, 0x12, 0x07, 0x44, 0x03, 0x03, 0x00, 0x00,
    0x00, 0x00, 0x00, 0x01, 0x00, 0x00, 0x00, 0x00, 0x00, 0x00, 0x00, 0x00, 0x00, 0x00, 0x00, 0x00,
    0x00, 0x00, 0x00, 0x00, 0x00, 0x00, 0x00, 0x00, 0x00, 0x00, 0x00, 0x00, 0x00, 0x00, 0x00, 0x00,
    0x00, 0x00, 0x00, 0x00, 0x00, 0x00, 0x00, 0x00, 0x00, 0x00, 0x00, 0x00, 0x00, 0x00, 0x00, 0x00,
    0x00, 0x00, 0x00, 0x00, 0x00, 0x00, 0x00, 0x00, 0x00, 0x00, 0x00, 0x00, 0x00, 0x00, 0x00, 0x00,
    0x00, 0x00, 0x00, 0x00, 0x00, 0x00, 0x00, 0x00, 0x00, 0x00, 0x00, 0x00, 0x00, 0x00, 0x00, 0x00,
    0x00, 0x00, 0x00, 0x00, 0x00, 0x00, 0x00, 0x00, 0x00, 0x00, 0x00, 0x00, 0x00, 0x00, 0x00, 0x00,
    0x00, 0x00, 0x00, 0x00, 0x00, 0x00, 0x00, 0x00, 0x00, 0x00, 0x00, 0x00, 0x00, 0x00, 0x00, 0x00,
    0x00, 0x00, 0x00, 0x00, 0x00, 0x00, 0x00, 0x00, 0x00, 0x00, 0x00, 0x00, 0x00, 0x00, 0x00, 0x00,
    0x00, 0x00, 0x00, 0x00, 0x00, 0x00, 0x00, 0x00, 0x00, 0x00, 0x00, 0x00, 0x00, 0x00, 0x00, 0x00,
    0x00, 0x00, 0x00, 0x00, 0x00, 0x00, 0x00, 0x00, 0x00, 0x00, 0x00, 0x00, 0x00, 0x00, 0x00, 0x00,
    0x00, 0x00, 0x00, 0x00, 0x00, 0x00, 0x00, 0x01, 0x01, 0x01, 0x00, 0x00, 0x00, 0x00, 0x00, 0x07,
    0x3d, 0x35, 0x1a, 0x60, 0xdc, 0xd7, 0x3a, 0xe0, 0xff, 0xff, 0x35, 0xff, 0xff, 0xfb, 0x13, 0xff,
    0xff, 0xea, 0x01, 0xff, 0xea, 0x39, 0x03, 0xfa, 0xc0, 0x21, 0x03, 0xff, 0xf3, 0xd6, 0x01, 0xff,
    0xfe, 0xf9, 0x0c, 0xff, 0xfc, 0xfa, 0x2e, 0xff, 0xfe, 0xf4, 0x29, 0xff, 0xfe, 0xd6, 0x06, 0xff,
    0xf7, 0x9b, 0x05, 0xff, 0xf2, 0x9b, 0x03, 0xff, 0xfb, 0xe7, 0x11, 0xff, 0xfc, 0xf3, 0x2c, 0xfe,
    0xfc, 0xff, 0x2d, 0xfc, 0xfd, 0xeb, 0x1d, 0xff, 0xc6, 0x80, 0x07, 0xc2, 0x00, 0x00, 0x15, 0x18,
    0x03, 0x02, 0x00, 0x00, 0x00, 0x00, 0x00, 0x00, 0x00, 0x00, 0x00, 0x00, 0x00, 0x00, 0x00, 0x00,
    0x00, 0x00, 0x00, 0x00, 0x00, 0x00, 0x00, 0x00, 0x00, 0x00, 0x00, 0x00, 0x00, 0x00, 0x00, 0x00,
    0x00, 0x00, 0x00, 0x00, 0x00, 0x00, 0x00, 0x00, 0x00, 0x00, 0x00, 0x00, 0x00, 0x00, 0x00, 0x00,
    0x00, 0x00, 0x00, 0x00, 0x00, 0x00, 0x00, 0x00, 0x00, 0x00, 0x00, 0x00, 0x00, 0x00, 0x00, 0x00,
    0x00, 0x00, 0x00, 0x00, 0x00, 0x00, 0x00, 0x00, 0x00, 0x00, 0x00, 0x00, 0x00, 0x00, 0x00, 0x00,
    0x00, 0x00, 0x00, 0x00, 0x00, 0x00, 0x00, 0x00, 0x00, 0x00, 0x00, 0x00, 0x00, 0x00, 0x00, 0x00,
    0x00, 0x00, 0x00, 0x00, 0x00, 0x00, 0x00, 0x00, 0x00, 0x00, 0x00, 0x00, 0x00, 0x00, 0x00, 0x00,
    0x00, 0x00, 0x00, 0x00, 0x00, 0x00, 0x00, 0x00, 0x00, 0x00, 0x00, 0x00, 0x00, 0x00, 0x00, 0x00,
    0x00, 0x00, 0x00, 0x00, 0x00, 0x00, 0x00, 0x00, 0x00, 0x00, 0x00, 0x00, 0x00, 0x00, 0x00, 0x00,
    0x00, 0x00, 0x00, 0x00, 0x00, 0x00, 0x00, 0x00, 0x00, 0x00, 0x00, 0x00, 0x00, 0x00, 0x00, 0x01,
    0x02, 0x01, 0x00, 0x00, 0x01, 0x01, 0x00, 0x00, 0x00, 0x00, 0x00, 0x09, 0x3d, 0x3b, 0x18, 0x67,
    0xe2, 0xdd, 0x3b, 0xeb, 0xff, 0xfe, 0x33, 0xff, 0xfb, 0xf0, 0x0c, 0xfe, 0xfc, 0xe8, 0x00, 0xfe,
    0xfa, 0x9e, 0x01, 0xfe, 0xaa, 0x17, 0x01, 0xff, 0xe6, 0xb7, 0x02, 0xff, 0xfe, 0xfb, 0x03, 0xff,
    0xfd, 0xf1, 0x02, 0xff, 0xff, 0xe4, 0x04, 0xff, 0xea, 0x8b, 0x01, 0xff, 0xad, 0x2d, 0x00, 0xff,
    0xa5, 0x29, 0x0a, 0xff, 0xce, 0x40, 0x0c, 0xff, 0xf1, 0x6c, 0x07, 0xff, 0xfb, 0xb3, 0x03, 0xff,
    0xfb, 0xf0, 0x03, 0xfc, 0xff, 0xd9, 0x03, 0xff, 0xd8, 0x98, 0x06, 0xe5, 0x00, 0x00, 0x0c, 0x52,
    0x02, 0x01, 0x00, 0x00, 0x00, 0x00, 0x00, 0x01, 0x00, 0x00, 0x00, 0x00, 0x00, 0x00, 0x00, 0x00,
    0x00, 0x00, 0x00, 0x00, 0x00, 0x00, 0x00, 0x00, 0x00, 0x00, 0x00, 0x00, 0x00, 0x00, 0x00, 0x00,
    0x00, 0x00, 0x00, 0x00, 0x00, 0x00, 0x00, 0x00, 0x00, 0x00, 0x00, 0x00, 0x00, 0x00, 0x00, 0x00,
    0x00, 0x00, 0x00, 0x00, 0x00, 0x00, 0x00, 0x00, 0x00, 0x00, 0x00, 0x00, 0x00, 0x00, 0x00, 0x00,
    0x00, 0x00, 0x00, 0x00, 0x00, 0x00, 0x00, 0x00, 0x00, 0x00, 0x00, 0x00, 0x00, 0x00, 0x00, 0x00,
    0x00, 0x00, 0x00, 0x00, 0x00, 0x00, 0x00, 0x00, 0x00, 0x00, 0x00, 0x00, 0x00, 0x00, 0x00, 0x00,
    0x00, 0x00, 0x00, 0x00, 0x00, 0x00, 0x00, 0x00, 0x00, 0x00, 0x00, 0x00, 0x00, 0x00, 0x00, 0x00,
    0x00, 0x00, 0x00, 0x00, 0x00, 0x00, 0x00, 0x00, 0x00, 0x00, 0x00, 0x00, 0x00, 0x00, 0x00, 0x00,
    0x00, 0x00, 0x00, 0x00, 0x00, 0x00, 0x00, 0x00, 0x00, 0x00, 0x00, 0x00, 0x00, 0x00, 0x00, 0x00,
    0x00, 0x00, 0x00, 0x00, 0x00, 0x00, 0x00, 0x00, 0x01, 0x01, 0x00, 0x00, 0x01, 0x01, 0x00, 0x00,
    0x00, 0x00, 0x00, 0x00, 0x00, 0x00, 0x00, 0x09, 0x3b, 0x36, 0x19, 0x70, 0xe9, 0xe7, 0x3a, 0xea,
    0xff, 0xff, 0x35, 0xff, 0xfb, 0xef, 0x0d, 0xfe, 0xfd, 0xf0, 0x01, 0xff, 0xfc, 0xc5, 0x02, 0xff,
    0xfe, 0x8c, 0x01, 0xff, 0x40, 0x17, 0x00, 0xfe, 0xc4, 0xb9, 0x02, 0xfe, 0xff, 0xf4, 0x03, 0xff,
    0xf7, 0xca, 0x00, 0xff, 0xf4, 0x86, 0x01, 0xff, 0xb6, 0x36, 0x0e, 0xff, 0x18, 0x16, 0x17, 0xff,
    0x36, 0x1d, 0x08, 0xff, 0xf2, 0x70, 0x2b, 0xff, 0xf3, 0x60, 0x21, 0xff, 0xeb, 0x6a, 0x05, 0xff,
    0xfd, 0xa7, 0x02, 0xff, 0xf2, 0x75, 0x07, 0xfc, 0xaa, 0x4c, 0x11, 0xd9, 0x03, 0x09, 0x03, 0x54,
    0x01, 0x00, 0x00, 0x00, 0x00, 0x00, 0x00, 0x01, 0x00, 0x00, 0x00, 0x00, 0x00, 0x00, 0x00, 0x00,
    0x00, 0x00, 0x00, 0x00, 0x00, 0x00, 0x00, 0x00, 0x00, 0x00, 0x00, 0x00, 0x00, 0x00, 0x00, 0x00,
    0x00, 0x00, 0x00, 0x00, 0x00, 0x00, 0x00, 0x00, 0x00, 0x00, 0x00, 0x00, 0x00, 0x00, 0x00, 0x00,
    0x00, 0x00, 0x00, 0x00, 0x00, 0x00, 0x00, 0x00, 0x00, 0x00, 0x00, 0x00, 0x00, 0x00, 0x00, 0x00,
    0x00, 0x00, 0x00, 0x00, 0x00, 0x00, 0x00, 0x00, 0x00, 0x00, 0x00, 0x00, 0x00, 0x00, 0x00, 0x00,
    0x00, 0x00, 0x00, 0x00, 0x00, 0x00, 0x00, 0x00, 0x00, 0x00, 0x00, 0x00, 0x00, 0x00, 0x00, 0x00,
    0x00, 0x00, 0x00, 0x00, 0x00, 0x00, 0x00, 0x00, 0x00, 0x00, 0x00, 0x00, 0x00, 0x00, 0x00, 0x00,
    0x00, 0x00, 0x00, 0x00, 0x00, 0x00, 0x00, 0x00, 0x00, 0x00, 0x00, 0x00, 0x00, 0x00, 0x00, 0x00,
    0x00, 0x00, 0x00, 0x00, 0x00, 0x00, 0x00, 0x00, 0x00, 0x00, 0x00, 0x00, 0x00, 0x00, 0x00, 0x00,
    0x00, 0x00, 0x00, 0x00, 0x00, 0x00, 0x00, 0x00, 0x00, 0x00, 0x00, 0x02, 0x00, 0x00, 0x00, 0x08,
    0x46, 0x41, 0x20, 0x5e, 0x50, 0x4e, 0x22, 0x78, 0xec, 0xe9, 0x3c, 0xed, 0xff, 0xfd, 0x35, 0xff,
    0xfb, 0xef, 0x0d, 0xfe, 0xfd, 0xef, 0x03, 0xff, 0xfd, 0xf1, 0x05, 0xff, 0xfd, 0xea, 0x03, 0xff,
    0xfc, 0xa1, 0x01, 0xff, 0xb6, 0x31, 0x08, 0xff, 0xe9, 0x9b, 0x03, 0xff, 0xfa, 0xa0, 0x03, 0xff,
    0xe3, 0x61, 0x0d, 0xff, 0xd3, 0x41, 0x08, 0xff, 0xfb, 0x92, 0x5a, 0xff, 0xc2, 0xd1, 0xb2, 0xff,
    0x17, 0x61, 0x03, 0xff, 0xb5, 0x6e, 0x32, 0xff, 0xee, 0x70, 0x31, 0xff, 0x98, 0x1b, 0x0b, 0xf3,
    0xba, 0x47, 0x17, 0xf2, 0xbf, 0x60, 0x08, 0xc9, 0x0f, 0x03, 0x0c, 0x54, 0x28, 0x1a, 0x00, 0x13,
    0x00, 0x00, 0x00, 0x01, 0x00, 0x00, 0x00, 0x00, 0x00, 0x00, 0x00, 0x00, 0x00, 0x00, 0x00, 0x00,
    0x00, 0x00, 0x00, 0x00, 0x00, 0x00, 0x00, 0x00, 0x00, 0x00, 0x00, 0x00, 0x00, 0x00, 0x00, 0x00,
    0x00, 0x00, 0x00, 0x00, 0x00, 0x00, 0x00, 0x00, 0x00, 0x00, 0x00, 0x00, 0x00, 0x00, 0x00, 0x00,
    0x00, 0x00, 0x00, 0x00, 0x00, 0x00, 0x00, 0x00, 0x00, 0x00, 0x00, 0x00, 0x00, 0x00, 0x00, 0x00,
    0x00, 0x00, 0x00, 0x00, 0x00, 0x00, 0x00, 0x00, 0x00, 0x00, 0x00, 0x00, 0x00, 0x00, 0x00, 0x00,
    0x00, 0x00, 0x00, 0x00, 0x00, 0x00, 0x00, 0x00, 0x00, 0x00, 0x00, 0x00, 0x00, 0x00, 0x00, 0x00,
    0x00, 0x00, 0x00, 0x00, 0x00, 0x00, 0x00, 0x00, 0x00, 0x00, 0x00, 0x00, 0x00, 0x00, 0x00, 0x00,
    0x00, 0x00, 0x00, 0x00, 0x00, 0x00, 0x00, 0x00, 0x00, 0x00, 0x00, 0x00, 0x00, 0x00, 0x00, 0x00,
    0x00, 0x00, 0x00, 0x00, 0x00, 0x00, 0x00, 0x00, 0x00, 0x00, 0x00, 0x00, 0xff, 0xff, 0x00, 0x01,
    0x01, 0x01, 0x00, 0x00, 0x18, 0x18, 0x0c, 0x15, 0x3d, 0x36, 0x16, 0x67, 0x5b, 0x57, 0x1f, 0x7b,
    0xf0, 0xe9, 0x31, 0xf5, 0xf8, 0xee, 0x36, 0xfd, 0xfd, 0xf8, 0x31, 0xff, 0xfd, 0xf0, 0x0b, 0xff,
    0xfd, 0xee, 0x02, 0xff, 0xfd, 0xed, 0x04, 0xff, 0xfd, 0xea, 0x04, 0xff, 0xfb, 0xbe, 0x02, 0xff,
    0xff, 0x92, 0x00, 0xff, 0x8d, 0x35, 0x1c, 0xef, 0xd3, 0x67, 0x08, 0xfc, 0xe5, 0x60, 0x09, 0xff,
    0xf2, 0x8a, 0x49, 0xff, 0xf8, 0x80, 0x3c, 0xff, 0xff, 0xb3, 0x72, 0xff, 0xd8, 0xb5, 0x65, 0xff,
    0x61, 0xa0, 0x1f, 0xff, 0xfb, 0xba, 0x72, 0xfd, 0xd2, 0x81, 0x4c, 0xff, 0x3c, 0x09, 0x04, 0xb9,
    0x0c, 0x0c, 0x0c, 0x53, 0x2f, 0x17, 0x07, 0x20, 0x00, 0x00, 0x00, 0x00, 0x00, 0x00, 0x00, 0x00,
    0x00, 0x00, 0x00, 0x00, 0x00, 0x00, 0x00, 0x00, 0x00, 0x00, 0x00, 0x00, 0x00, 0x00, 0x00, 0x00,
    0x00, 0x00, 0x00, 0x00, 0x00, 0x00, 0x00, 0x00, 0x00, 0x00, 0x00, 0x00, 0x00, 0x00, 0x00, 0x00,
    0x00, 0x00, 0x00, 0x00, 0x00, 0x00, 0x00, 0x00, 0x00, 0x00, 0x00, 0x00, 0x00, 0x00, 0x00, 0x00,
    0x00, 0x00, 0x00, 0x00, 0x00, 0x00, 0x00, 0x00, 0x00, 0x00, 0x00, 0x00, 0x00, 0x00, 0x00, 0x00,
    0x00, 0x00, 0x00, 0x00, 0x00, 0x00, 0x00, 0x00, 0x00, 0x00, 0x00, 0x00, 0x00, 0x00, 0x00, 0x00,
    0x00, 0x00, 0x00, 0x00, 0x00, 0x00, 0x00, 0x00, 0x00, 0x00, 0x00, 0x00, 0x00, 0x00, 0x00, 0x00,
    0x00, 0x00, 0x00, 0x00, 0x00, 0x00, 0x00, 0x00, 0x00, 0x00, 0x00, 0x00, 0x00, 0x00, 0x00, 0x00,
    0x00, 0x00, 0x00, 0x00, 0x00, 0x00, 0x00, 0x00, 0x00, 0x00, 0x00, 0x00, 0x00, 0x00, 0x00, 0x00,
    0x00, 0x00, 0x00, 0x00, 0x00, 0x00, 0x00, 0x00, 0x00, 0x00, 0x00, 0x00, 0x00, 0x00, 0x00, 0x00,
    0x00, 0x00, 0x00, 0x05, 0x4a, 0x45, 0x18, 0x6a, 0xf1, 0xed, 0x31, 0xf5, 0xf9, 0xf5, 0x2d, 0xfb,
    0xff, 0xef, 0x0b, 0xfe, 0xfe, 0xc3, 0x04, 0xff, 0xfc, 0xe7, 0x04, 0xff, 0xfd, 0xf1, 0x03, 0xff,
    0xfd, 0xee, 0x03, 0xff, 0xfc, 0xd3, 0x02, 0xff, 0xfb, 0xb3, 0x02, 0xff, 0xfd, 0x8e, 0x01, 0xfe,
    0xef, 0x6d, 0x05, 0xfc, 0x52, 0x2f, 0x0f, 0x66, 0x6a, 0x22, 0x15, 0xbe, 0xeb, 0x6e, 0x03, 0xff,
    0xd6, 0x51, 0x15, 0xfd, 0xfa, 0xa9, 0x67, 0xff, 0xfd, 0xb6, 0x72, 0xff, 0xf9, 0xb3, 0x6f, 0xff,
    0xf5, 0xb1, 0x6b, 0xfe, 0xfd, 0xbb, 0x74, 0xfd, 0xfb, 0xa1, 0x58, 0xfd, 0xc0, 0x49, 0x1a, 0xc1,
    0x00, 0x00, 0x00, 0x03, 0x02, 0x00, 0x00, 0x00, 0xff, 0x00, 0x00, 0x01, 0x00, 0x00, 0x00, 0x01,
    0x00, 0x00, 0x00, 0x00, 0x00, 0x00, 0x00, 0x00, 0x00, 0x00, 0x00, 0x00, 0x00, 0x00, 0x00, 0x00,
    0x00, 0x00, 0x00, 0x00, 0x00, 0x00, 0x00, 0x00, 0x00, 0x00, 0x00, 0x00, 0x00, 0x00, 0x00, 0x00,
    0x00, 0x00, 0x00, 0x00, 0x00, 0x00, 0x00, 0x00, 0x00, 0x00, 0x00, 0x00, 0x00, 0x00, 0x00, 0x00,
    0x00, 0x00, 0x00, 0x00, 0x00, 0x00, 0x00, 0x00, 0x00, 0x00, 0x00, 0x00, 0x00, 0x00, 0x00, 0x00,
    0x00, 0x00, 0x00, 0x00, 0x00, 0x00, 0x00, 0x00, 0x00, 0x00, 0x00, 0x00, 0x00, 0x00, 0x00, 0x00,
    0x00, 0x00, 0x00, 0x00, 0x00, 0x00, 0x00, 0x00, 0x00, 0x00, 0x00, 0x00, 0x00, 0x00, 0x00, 0x00,
    0x00, 0x00, 0x00, 0x00, 0x00, 0x00, 0x00, 0x00, 0x00, 0x00, 0x00, 0x00, 0x00, 0x00, 0x00, 0x00,
    0x00, 0x00, 0x00, 0x00, 0x00, 0x00, 0x00, 0x00, 0x00, 0x00, 0x00, 0x00, 0x00, 0x00, 0x00, 0x00,
    0x00, 0x00, 0x00, 0x00, 0x00, 0x00, 0x00, 0x02, 0x7f, 0x7f, 0x00, 0x02, 0x0d, 0x12, 0x09, 0x37,
    0x30, 0x2d, 0x1b, 0x6f, 0xeb, 0xe6, 0x2e, 0xe4, 0xff, 0xf3, 0x07, 0xff, 0xfe, 0xd4, 0x05, 0xff,
    0xfc, 0xea, 0x03, 0xff, 0xfc, 0xe8, 0x02, 0xff, 0xfc, 0xed, 0x03, 0xff, 0xfc, 0xec, 0x03, 0xff,
    0xfc, 0xc8, 0x01, 0xfe, 0xfc, 0x98, 0x01, 0xff, 0xfb, 0x8c, 0x01, 0xfe, 0xf3, 0x76, 0x06, 0xfe,
    0x81, 0x36, 0x09, 0x82, 0x35, 0x0a, 0x0a, 0x18, 0x1c, 0x11, 0x15, 0x48, 0x7b, 0x25, 0x19, 0xec,
    0xa6, 0x26, 0x06, 0xff, 0xeb, 0x61, 0x26, 0xfe, 0xfb, 0xa5, 0x5f, 0xff, 0xfe, 0xb7, 0x72, 0xff,
    0xfd, 0xa5, 0x60, 0xfe, 0xfd, 0x7e, 0x37, 0xfd, 0xca, 0x66, 0x31, 0xd7, 0x31, 0x13, 0x06, 0x4e,
    0xff, 0xff, 0x00, 0x01, 0x55, 0x00, 0x00, 0x03, 0x00, 0x00, 0x00, 0x00, 0x00, 0x00, 0x00, 0x00,
    0x00, 0x00, 0x00, 0x00, 0x00, 0x00, 0x00, 0x00, 0x00, 0x00, 0x00, 0x00, 0x00, 0x00, 0x00, 0x00,
    0x00, 0x00, 0x00, 0x00, 0x00, 0x00, 0x00, 0x00, 0x00, 0x00, 0x00, 0x00, 0x00, 0x00, 0x00, 0x00,
    0x00, 0x00, 0x00, 0x00, 0x00, 0x00, 0x00, 0x00, 0x00, 0x00, 0x00, 0x00, 0x00, 0x00, 0x00, 0x00,
    0x00, 0x00, 0x00, 0x00, 0x00, 0x00, 0x00, 0x00, 0x00, 0x00, 0x00, 0x00, 0x00, 0x00, 0x00, 0x00,
    0x00, 0x00, 0x00, 0x00, 0x00, 0x00, 0x00, 0x00, 0x00, 0x00, 0x00, 0x00, 0x00, 0x00, 0x00, 0x00,
    0x00, 0x00, 0x00, 0x00, 0x00, 0x00, 0x00, 0x00, 0x00, 0x00, 0x00, 0x00, 0x00, 0x00, 0x00, 0x00,
    0x00, 0x00, 0x00, 0x00, 0x00, 0x00, 0x00, 0x00, 0x00, 0x00, 0x00, 0x00, 0x00, 0x00, 0x00, 0x00,
    0x00, 0x00, 0x00, 0x00, 0x00, 0x00, 0x00, 0x00, 0x00, 0x00, 0x00, 0x00, 0x00, 0x00, 0x00, 0x00,
    0x00, 0x00, 0x00, 0x02, 0x04, 0x03, 0x00, 0x00, 0x00, 0x00, 0x00, 0x25, 0xb2, 0xab, 0x25, 0xbe,
    0xf0, 0xf0, 0x2c, 0xf3, 0xfb, 0xe8, 0x0a, 0xff, 0xfc, 0xc3, 0x00, 0xfe, 0xfb, 0xe3, 0x01, 0xfe,
    0xfc, 0xee, 0x04, 0xff, 0xfc, 0xed, 0x04, 0xff, 0xfe, 0xea, 0x03, 0xff, 0xfd, 0xa9, 0x01, 0xff,
    0xfd, 0x93, 0x01, 0xff, 0xf5, 0x88, 0x03, 0xfc, 0xe4, 0x61, 0x0c, 0xfd, 0x74, 0x2e, 0x0e, 0x7f,
    0x14, 0x0a, 0x0f, 0x66, 0xd1, 0x5e, 0x2b, 0xde, 0xf1, 0x6a, 0x2b, 0xea, 0x62, 0x18, 0x0c, 0xf9,
    0xd6, 0x50, 0x1b, 0xff, 0xf7, 0x71, 0x2d, 0xff, 0xdc, 0x49, 0x17, 0xff, 0xf3, 0x72, 0x30, 0xfc,
    0xf7, 0x88, 0x3e, 0xfc, 0xc5, 0x5f, 0x29, 0xde, 0x26, 0x0d, 0x08, 0x5d, 0x00, 0x00, 0x00, 0x04,
    0x00, 0x00, 0x00, 0x01, 0x00, 0x00, 0x00, 0x00, 0x00, 0x00, 0x00, 0x00, 0x00, 0x00, 0x00, 0x00,
    0x00, 0x00, 0x00, 0x00, 0x00, 0x00, 0x00, 0x00, 0x00, 0x00, 0x00, 0x00, 0x00, 0x00, 0x00, 0x00,
    0x00, 0x00, 0x00, 0x00, 0x00, 0x00, 0x00, 0x00, 0x00, 0x00, 0x00, 0x00, 0x00, 0x00, 0x00, 0x00,
    0x00, 0x00, 0x00, 0x00, 0x00, 0x00, 0x00, 0x00, 0x00, 0x00, 0x00, 0x00, 0x00, 0x00, 0x00, 0x00,
    0x00, 0x00, 0x00, 0x00, 0x00, 0x00, 0x00, 0x00, 0x00, 0x00, 0x00, 0x00, 0x00, 0x00, 0x00, 0x00,
    0x00, 0x00, 0x00, 0x00, 0x00, 0x00, 0x00, 0x00, 0x00, 0x00, 0x00, 0x00, 0x00, 0x00, 0x00, 0x00,
    0x00, 0x00, 0x00, 0x00, 0x00, 0x00, 0x00, 0x00, 0x00, 0x00, 0x00, 0x00, 0x00, 0x00, 0x00, 0x00,
    0x00, 0x00, 0x00, 0x00, 0x00, 0x00, 0x00, 0x00, 0x00, 0x00, 0x00, 0x00, 0x00, 0x00, 0x00, 0x00,
    0x00, 0x00, 0x00, 0x00, 0x00, 0x00, 0x00, 0x00, 0x00, 0x00, 0x00, 0x00, 0x00, 0x00, 0x00, 0x00,
    0x00, 0x00, 0x00, 0x02, 0x04, 0x02, 0x00, 0x00, 0x00, 0x00, 0x07, 0x24, 0xb4, 0x74, 0x0f, 0xc3,
    0xff, 0xe3, 0x0c, 0xff, 0xfb, 0xed, 0x01, 0xfd, 0xff, 0xe9, 0x03, 0xff, 0xff, 0xed, 0x03, 0xff,
    0xff, 0xd3, 0x01, 0xff, 0xfd, 0x9c, 0x02, 0xff, 0xf6, 0x91, 0x04, 0xff, 0xf4, 0x83, 0x03, 0xfe,
    0xd0, 0x57, 0x1e, 0xff, 0x66, 0x2f, 0x12, 0x96, 0x37, 0x15, 0x0c, 0x52, 0x43, 0x14, 0x12, 0x97,
    0xde, 0x8b, 0x58, 0xf0, 0xff, 0xb3, 0x6c, 0xff, 0xff, 0xb2, 0x6a, 0xff, 0xe6, 0x95, 0x59, 0xff,
    0xc9, 0x3c, 0x17, 0xff, 0xf9, 0xa2, 0x5c, 0xfe, 0xf7, 0x8d, 0x4e, 0xff, 0xa7, 0x28, 0x11, 0xed,
    0x40, 0x1e, 0x13, 0x6b, 0x66, 0x39, 0x1f, 0x28, 0x00, 0x00, 0x00, 0x05, 0x01, 0x01, 0x00, 0x00,
    0x00, 0x00, 0x00, 0x00, 0x00, 0x00, 0x00, 0x00, 0x00, 0x00, 0x00, 0x00, 0x00, 0x00, 0x00, 0x00,
    0x00, 0x00, 0x00, 0x00, 0x00, 0x00, 0x00, 0x00, 0x00, 0x00, 0x00, 0x00, 0x00, 0x00, 0x00, 0x00,
    0x00, 0x00, 0x00, 0x00, 0x00, 0x00, 0x00, 0x00, 0x00, 0x00, 0x00, 0x00, 0x00, 0x00, 0x00, 0x00,
    0x00, 0x00, 0x00, 0x00, 0x00, 0x00, 0x00, 0x00, 0x00, 0x00, 0x00, 0x00, 0x00, 0x00, 0x00, 0x00,
    0x00, 0x00, 0x00, 0x00, 0x00, 0x00, 0x00, 0x00, 0x00, 0x00, 0x00, 0x00, 0x00, 0x00, 0x00, 0x00,
    0x00, 0x00, 0x00, 0x00, 0x00, 0x00, 0x00, 0x00, 0x00, 0x00, 0x00, 0x00, 0x00, 0x00, 0x00, 0x00,
    0x00, 0x00, 0x00, 0x00, 0x00, 0x00, 0x00, 0x00, 0x00, 0x00, 0x00, 0x00, 0x00, 0x00, 0x00, 0x00,
    0x00, 0x00, 0x00, 0x00, 0x00, 0x00, 0x00, 0x00, 0x00, 0x00, 0x00, 0x00, 0x00, 0x00, 0x00, 0x00,
    0x00, 0x00, 0x00, 0x00, 0x00, 0x00, 0x00, 0x00, 0x00, 0x00, 0x00, 0x00, 0x00, 0x00, 0x00, 0x00,
    0x00, 0x00, 0x00, 0x00, 0x00, 0x00, 0x00, 0x00, 0xff, 0xff, 0xff, 0x01, 0x66, 0x2b, 0x15, 0x23,
    0x55, 0x3b, 0x0c, 0x7d, 0xec, 0xaa, 0x07, 0xf2, 0xf6, 0xe4, 0x03, 0xfd, 0xf3, 0xaf, 0x02, 0xfc,
    0xf5, 0x8c, 0x01, 0xfc, 0xeb, 0x7d, 0x05, 0xfc, 0x5b, 0x38, 0x1c, 0xc3, 0x39, 0x1e, 0x0d, 0x86,
    0x6f, 0x29, 0x20, 0x37, 0x00, 0x00, 0x05, 0x2e, 0x79, 0x2f, 0x1d, 0xb5, 0xf0, 0x93, 0x57, 0xfb,
    0xff, 0xba, 0x74, 0xff, 0xfa, 0xb9, 0x75, 0xfd, 0xfb, 0xba, 0x77, 0xfe, 0xff, 0xbe, 0x79, 0xff,
    0xed, 0x8d, 0x54, 0xff, 0xd2, 0x44, 0x1c, 0xff, 0xfa, 0xb1, 0x6d, 0xfd, 0xf2, 0x92, 0x58, 0xfc,
    0x8f, 0x26, 0x19, 0xc7, 0x00, 0x00, 0x00, 0x20, 0x01, 0x01, 0x00, 0x00, 0x01, 0x00, 0x00, 0x00,
    0x00, 0x00, 0x00, 0x00, 0x00, 0x00, 0x00, 0x00, 0x00, 0x00, 0x00, 0x00, 0x00, 0x00, 0x00, 0x00,
    0x00, 0x00, 0x00, 0x00, 0x00, 0x00, 0x00, 0x00, 0x00, 0x00, 0x00, 0x00, 0x00, 0x00, 0x00, 0x00,
    0x00, 0x00, 0x00, 0x00, 0x00, 0x00, 0x00, 0x00, 0x00, 0x00, 0x00, 0x00, 0x00, 0x00, 0x00, 0x00,
    0x00, 0x00, 0x00, 0x00, 0x00, 0x00, 0x00, 0x00, 0x00, 0x00, 0x00, 0x00, 0x00, 0x00, 0x00, 0x00,
    0x00, 0x00, 0x00, 0x00, 0x00, 0x00, 0x00, 0x00, 0x00, 0x00, 0x00, 0x00, 0x00, 0x00, 0x00, 0x00,
    0x00, 0x00, 0x00, 0x00, 0x00, 0x00, 0x00, 0x00, 0x00, 0x00, 0x00, 0x00, 0x00, 0x00, 0x00, 0x00,
    0x00, 0x00, 0x00, 0x00, 0x00, 0x00, 0x00, 0x00, 0x00, 0x00, 0x00, 0x00, 0x00, 0x00, 0x00, 0x00,
    0x00, 0x00, 0x00, 0x00, 0x00, 0x00, 0x00, 0x00, 0x00, 0x00, 0x00, 0x00, 0x00, 0x00, 0x00, 0x00,
    0x00, 0x00, 0x00, 0x00, 0x00, 0x00, 0x00, 0x00, 0x00, 0x00, 0x00, 0x00, 0x00, 0x00, 0x00, 0x00,
    0x00, 0x00, 0x00, 0x00, 0x00, 0x00, 0x00, 0x01, 0x00, 0x00, 0x00, 0x05, 0x00, 0x00, 0x00, 0x00,
    0x00, 0x00, 0x1c, 0x09, 0x3a, 0x24, 0x09, 0x68, 0x3d, 0x36, 0x06, 0x75, 0x3b, 0x25, 0x06, 0x73,
    0x3d, 0x1e, 0x06, 0x74, 0x39, 0x21, 0x06, 0x73, 0x00, 0x11, 0x1a, 0x1d, 0x00, 0x00, 0x3f, 0x04,
    0x00, 0x00, 0x00, 0x08, 0xae, 0x4f, 0x29, 0xb1, 0xfc, 0xa2, 0x5d, 0xff, 0xfd, 0xba, 0x74, 0xfe,
    0xfc, 0xba, 0x75, 0xfc, 0xff, 0xb4, 0x6f, 0xff, 0xf9, 0xab, 0x6b, 0xff, 0xfb, 0xb5, 0x73, 0xff,
    0xfd, 0xa4, 0x5c, 0xff, 0xea, 0x47, 0x00, 0xff, 0xcf, 0x41, 0x1a, 0xff, 0xfa, 0xad, 0x6b, 0xfe,
    0xfd, 0x9a, 0x58, 0xff, 0xac, 0x3c, 0x1c, 0xd8, 0x17, 0x00, 0x08, 0x58, 0x00, 0x00, 0x00, 0x03,
    0x02, 0x01, 0x01, 0x00, 0x00, 0x00, 0x00, 0x01, 0x00, 0x00, 0x00, 0x00, 0x00, 0x00, 0x00, 0x00,
    0x00, 0x00, 0x00, 0x00, 0x00, 0x00, 0x00, 0x00, 0x00, 0x00, 0x00, 0x00, 0x00, 0x00, 0x00, 0x00,
    0x00, 0x00, 0x00, 0x00, 0x00, 0x00, 0x00, 0x00, 0x00, 0x00, 0x00, 0x00, 0x00, 0x00, 0x00, 0x00,
    0x00, 0x00, 0x00, 0x00, 0x00, 0x00, 0x00, 0x00, 0x00, 0x00, 0x00, 0x00, 0x00, 0x00, 0x00, 0x00,
    0x00, 0x00, 0x00, 0x00, 0x00, 0x00, 0x00, 0x00, 0x00, 0x00, 0x00, 0x00, 0x00, 0x00, 0x00, 0x00,
    0x00, 0x00, 0x00, 0x00, 0x00, 0x00, 0x00, 0x00, 0x00, 0x00, 0x00, 0x00, 0x00, 0x00, 0x00, 0x00,
    0x00, 0x00, 0x00, 0x00, 0x00, 0x00, 0x00, 0x00, 0x00, 0x00, 0x00, 0x00, 0x00, 0x00, 0x00, 0x00,
    0x00, 0x00, 0x00, 0x00, 0x00, 0x00, 0x00, 0x00, 0x00, 0x00, 0x00, 0x00, 0x00, 0x00, 0x00, 0x00,
    0x00, 0x00, 0x00, 0x00, 0x00, 0x00, 0x00, 0x00, 0x00, 0x00, 0x00, 0x00, 0x00, 0x00, 0x00, 0x02,
    0x00, 0x00, 0x00, 0x00, 0x00, 0x00, 0x00, 0x26, 0x26, 0x28, 0x26, 0x9e, 0x26, 0x26, 0x26, 0x5d,
    0x00, 0x00, 0x00, 0x00, 0x00, 0x00, 0x55, 0x03, 0x00, 0x00, 0x00, 0x01, 0x00, 0x00, 0x00, 0x00,
    0x00, 0x00, 0x00, 0x00, 0x00, 0x00, 0x00, 0x01, 0x05, 0x02, 0x00, 0x00, 0x00, 0x00, 0x00, 0x0b,
    0x98, 0x47, 0x26, 0xa4, 0xff, 0xa5, 0x60, 0xff, 0xfd, 0xbf, 0x77, 0xfc, 0xff, 0xb1, 0x6c, 0xfe,
    0xfc, 0xa3, 0x62, 0xff, 0xe7, 0x6b, 0x2f, 0xff, 0xd7, 0x44, 0x13, 0xff, 0xec, 0x71, 0x31, 0xff,
    0xef, 0x52, 0x0b, 0xff, 0xf8, 0x5f, 0x00, 0xff, 0xeb, 0x4e, 0x00, 0xff, 0xd2, 0x38, 0x0c, 0xff,
    0xf2, 0x8a, 0x46, 0xfe, 0xf7, 0x80, 0x3f, 0xff, 0xa8, 0x28, 0x02, 0xf1, 0x20, 0x13, 0x0a, 0x75,
    0x00, 0x00, 0x00, 0x03, 0x03, 0x02, 0x01, 0x00, 0x7f, 0x00, 0x00, 0x02, 0x00, 0x00, 0x00, 0x00,
    0x00, 0x00, 0x00, 0x00, 0x00, 0x00, 0x00, 0x00, 0x00, 0x00, 0x00, 0x00, 0x00, 0x00, 0x00, 0x00,
    0x00, 0x00, 0x00, 0x00, 0x00, 0x00, 0x00, 0x00, 0x00, 0x00, 0x00, 0x00, 0x00, 0x00, 0x00, 0x00,
    0x00, 0x00, 0x00, 0x00, 0x00, 0x00, 0x00, 0x00, 0x00, 0x00, 0x00, 0x00, 0x00, 0x00, 0x00, 0x00,
    0x00, 0x00, 0x00, 0x00, 0x00, 0x00, 0x00, 0x00, 0x00, 0x00, 0x00, 0x00, 0x00, 0x00, 0x00, 0x00,
    0x00, 0x00, 0x00, 0x00, 0x00, 0x00, 0x00, 0x00, 0x00, 0x00, 0x00, 0x00, 0x00, 0x00, 0x00, 0x00,
    0x00, 0x00, 0x00, 0x00, 0x00, 0x00, 0x00, 0x00, 0x00, 0x00, 0x00, 0x00, 0x00, 0x00, 0x00, 0x00,
    0x00, 0x00, 0x00, 0x00, 0x00, 0x00, 0x00, 0x00, 0x00, 0x00, 0x00, 0x00, 0x00, 0x00, 0x00, 0x00,
    0x00, 0x00, 0x00, 0x00, 0x00, 0x00, 0x00, 0x00, 0x00, 0x00, 0x00, 0x00, 0x00, 0x00, 0x00, 0x03,
    0x02, 0x02, 0x02, 0x00, 0x00, 0x00, 0x00, 0x4f, 0x78, 0x78, 0x76, 0xf8, 0x93, 0x92, 0x91, 0xee,
    0x1f, 0x1f, 0x22, 0x5a, 0x01, 0x01, 0x00, 0x00, 0xff, 0xaa, 0x55, 0x03, 0xff, 0xff, 0x00, 0x01,
    0x02, 0x01, 0x00, 0x00, 0x04, 0x02, 0x01, 0x00, 0x00, 0x00, 0x00, 0x0d, 0x8f, 0x47, 0x2b, 0x9e,
    0xff, 0xaa, 0x64, 0xff, 0xfb, 0xbd, 0x76, 0xfc, 0xff, 0xac, 0x69, 0xff, 0xe5, 0x74, 0x38, 0xff,
    0xac, 0x2e, 0x18, 0xe8, 0x49, 0x07, 0x04, 0xfd, 0xc7, 0x35, 0x08, 0xff, 0xe8, 0x31, 0x05, 0xff,
    0xf9, 0x50, 0x00, 0xff, 0xff, 0x63, 0x02, 0xff, 0xff, 0x68, 0x03, 0xff, 0xf5, 0x4b, 0x00, 0xff,
    0xcc, 0x1e, 0x03, 0xff, 0xf5, 0x48, 0x03, 0xfd, 0xff, 0x5e, 0x01, 0xff, 0xc2, 0x49, 0x11, 0xe4,
    0x43, 0x3b, 0x31, 0x62, 0x00, 0x00, 0x00, 0x08, 0x00, 0x00, 0x00, 0x00, 0x00, 0x00, 0x00, 0x01,
    0x00, 0x00, 0x00, 0x00, 0x00, 0x00, 0x00, 0x00, 0x00, 0x00, 0x00, 0x00, 0x00, 0x00, 0x00, 0x00,
    0x00, 0x00, 0x00, 0x00, 0x00, 0x00, 0x00, 0x00, 0x00, 0x00, 0x00, 0x00, 0x00, 0x00, 0x00, 0x00,
    0x00, 0x00, 0x00, 0x00, 0x00, 0x00, 0x00, 0x00, 0x00, 0x00, 0x00, 0x00, 0x00, 0x00, 0x00, 0x00,
    0x00, 0x00, 0x00, 0x00, 0x00, 0x00, 0x00, 0x00, 0x00, 0x00, 0x00, 0x00, 0x00, 0x00, 0x00, 0x00,
    0x00, 0x00, 0x00, 0x00, 0x00, 0x00, 0x00, 0x00, 0x00, 0x00, 0x00, 0x00, 0x00, 0x00, 0x00, 0x00,
    0x00, 0x00, 0x00, 0x00, 0x00, 0x00, 0x00, 0x00, 0x00, 0x00, 0x00, 0x00, 0x00, 0x00, 0x00, 0x00,
    0x00, 0x00, 0x00, 0x00, 0x00, 0x00, 0x00, 0x00, 0x00, 0x00, 0x00, 0x00, 0x00, 0x00, 0x00, 0x00,
    0x00, 0x00, 0x00, 0x00, 0x00, 0x00, 0x00, 0x00, 0x00, 0x00, 0x00, 0x00, 0x00, 0x00, 0x00, 0x03,
    0x01, 0x01, 0x01, 0x00, 0x00, 0x00, 0x00, 0x51, 0x57, 0x58, 0x57, 0xf7, 0xe4, 0xe4, 0xe1, 0xfe,
    0x8e, 0x89, 0x90, 0xf8, 0x1c, 0x1c, 0x22, 0x58, 0x00, 0x00, 0x00, 0x00, 0x55, 0x55, 0x55, 0x03,
    0xaa, 0x55, 0x00, 0x03, 0x00, 0x00, 0x00, 0x08, 0x78, 0x3a, 0x25, 0x9c, 0xfc, 0xa9, 0x68, 0xff,
    0xfc, 0xbe, 0x77, 0xfd, 0xff, 0xa8, 0x65, 0xff, 0xde, 0x56, 0x26, 0xf1, 0x52, 0x19, 0x0e, 0xa0,
    0x00, 0x00, 0x00, 0x24, 0x14, 0x02, 0x02, 0xb7, 0x77, 0x0d, 0x02, 0xfd, 0x9f, 0x14, 0x00, 0xfd,
    0xa5, 0x1b, 0x00, 0xff, 0xbe, 0x3b, 0x00, 0xff, 0xbe, 0x40, 0x00, 0xff, 0xa6, 0x19, 0x00, 0xff,
    0x9c, 0x13, 0x00, 0xff, 0xc5, 0x44, 0x01, 0xfe, 0xae, 0x23, 0x00, 0xfd, 0xb6, 0x40, 0x21, 0xff,
    0xea, 0x92, 0x56, 0xf5, 0x66, 0x3a, 0x26, 0x8c, 0x6d, 0x12, 0x12, 0x2a, 0x01, 0x00, 0x00, 0x00,
    0xff, 0x00, 0x00, 0x01, 0x00, 0x00, 0x00, 0x00, 0x00, 0x00, 0x00, 0x00, 0x00, 0x00, 0x00, 0x00,
    0x00, 0x00, 0x00, 0x00, 0x00, 0x00, 0x00, 0x00, 0x00, 0x00, 0x00, 0x00, 0x00, 0x00, 0x00, 0x00,
    0x00, 0x00, 0x00, 0x00, 0x00, 0x00, 0x00, 0x00, 0x00, 0x00, 0x00, 0x00, 0x00, 0x00, 0x00, 0x00,
    0x00, 0x00, 0x00, 0x00, 0x00, 0x00, 0x00, 0x00, 0x00, 0x00, 0x00, 0x00, 0x00, 0x00, 0x00, 0x00,
    0x00, 0x00, 0x00, 0x00, 0x00, 0x00, 0x00, 0x00, 0x00, 0x00, 0x00, 0x00, 0x00, 0x00, 0x00, 0x00,
    0x00, 0x00, 0x00, 0x00, 0x00, 0x00, 0x00, 0x00, 0x00, 0x00, 0x00, 0x00, 0x00, 0x00, 0x00, 0x00,
    0x00, 0x00, 0x00, 0x00, 0x00, 0x00, 0x00, 0x00, 0x00, 0x00, 0x00, 0x00, 0x00, 0x00, 0x00, 0x00,
    0x00, 0x00, 0x00, 0x00, 0x00, 0x00, 0x00, 0x00, 0x00, 0x00, 0x00, 0x00, 0x00, 0x00, 0x00, 0x03,
    0x01, 0x01, 0x01, 0x00, 0x03, 0x03, 0x03, 0x42, 0x3b, 0x3e, 0x3d, 0xe5, 0xaa, 0xae, 0xab, 0xff,
    0xe9, 0xe8, 0xe6, 0xfe, 0x80, 0x7e, 0x82, 0xfc, 0x1c, 0x19, 0x1f, 0x59, 0x00, 0x00, 0x00, 0x00,
    0x00, 0x00, 0x00, 0x00, 0x45, 0x13, 0x0c, 0x67, 0xf0, 0x98, 0x5b, 0xfb, 0xfd, 0xbe, 0x78, 0xfe,
    0xff, 0xaf, 0x68, 0xfb, 0xda, 0x56, 0x27, 0xec, 0x4a, 0x0e, 0x04, 0x6d, 0x00, 0x00, 0x00, 0x02,
    0x02, 0x01, 0x00, 0x00, 0x0d, 0x0d, 0x0d, 0x13, 0x0e, 0x03, 0x05, 0xd5, 0x35, 0x10, 0x05, 0xff,
    0x3c, 0x1c, 0x0c, 0xfd, 0x3b, 0x26, 0x18, 0xff, 0x3c, 0x26, 0x18, 0xff, 0x3d, 0x27, 0x18, 0xff,
    0x3d, 0x21, 0x12, 0xff, 0x2a, 0x06, 0x02, 0xff, 0x16, 0x0e, 0x0e, 0xfe, 0x77, 0x3a, 0x1b, 0xff,
    0xfb, 0x79, 0x38, 0xfe, 0xff, 0xa3, 0x5e, 0xff, 0xb8, 0x59, 0x37, 0xc2, 0x00, 0x00, 0x00, 0x1b,
    0xff, 0xff, 0xff, 0x01, 0x00, 0x00, 0x00, 0x00, 0x00, 0x00, 0x00, 0x00, 0x00, 0x00, 0x00, 0x00,
    0x00, 0x00, 0x00, 0x00, 0x00, 0x00, 0x00, 0x00, 0x00, 0x00, 0x00, 0x00, 0x00, 0x00, 0x00, 0x00,
    0x00, 0x00, 0x00, 0x00, 0x00, 0x00, 0x00, 0x00, 0x00, 0x00, 0x00, 0x00, 0x00, 0x00, 0x00, 0x00,
    0x00, 0x00, 0x00, 0x00, 0x00, 0x00, 0x00, 0x00, 0x00, 0x00, 0x00, 0x00, 0x00, 0x00, 0x00, 0x00,
    0x00, 0x00, 0x00, 0x00, 0x00, 0x00, 0x00, 0x00, 0x00, 0x00, 0x00, 0x00, 0x00, 0x00, 0x00, 0x00,
    0x00, 0x00, 0x00, 0x00, 0x00, 0x00, 0x00, 0x00, 0x00, 0x00, 0x00, 0x00, 0x00, 0x00, 0x00, 0x00,
    0x00, 0x00, 0x00, 0x00, 0x00, 0x00, 0x00, 0x00, 0x00, 0x00, 0x00, 0x00, 0x00, 0x00, 0x00, 0x00,
    0x00, 0x00, 0x00, 0x01, 0x00, 0x00, 0x55, 0x03, 0x00, 0x00, 0x00, 0x03, 0x00, 0x00, 0x55, 0x03,
    0x00, 0x00, 0x00, 0x04, 0x55, 0x55, 0x55, 0x03, 0x00, 0x00, 0x00, 0x5e, 0x3f, 0x41, 0x40, 0xf0,
    0xbd, 0xbe, 0xba, 0xff, 0xed, 0xec, 0xe8, 0xfd, 0x84, 0x82, 0x85, 0xf9, 0x13, 0x13, 0x13, 0x50,
    0x0c, 0x00, 0x00, 0x3e, 0xbf, 0x54, 0x2c, 0xe2, 0xff, 0xb6, 0x6d, 0xfd, 0xfd, 0xb2, 0x6a, 0xfb,
    0xf3, 0x68, 0x2f, 0xff, 0x4c, 0x18, 0x0c, 0x7b, 0x00, 0x00, 0x00, 0x0a, 0xff, 0xff, 0x00, 0x01,
    0x55, 0x00, 0x00, 0x06, 0x00, 0x00, 0x00, 0x00, 0x55, 0x0a, 0x10, 0xbd, 0xec, 0x5c, 0x23, 0xff,
    0xff, 0x98, 0x4e, 0xfc, 0xff, 0xb8, 0x74, 0xff, 0xff, 0xba, 0x76, 0xff, 0xff, 0xbb, 0x73, 0xff,
    0xf5, 0x86, 0x44, 0xfb, 0x8a, 0x13, 0x09, 0xee, 0xaf, 0x47, 0x31, 0xff, 0xff, 0xb8, 0x69, 0xfd,
    0xf3, 0x9d, 0x5b, 0xfc, 0xff, 0x95, 0x4a, 0xfc, 0xd8, 0x90, 0x52, 0xe4, 0x00, 0x00, 0x03, 0x52,
    0x02, 0x02, 0x01, 0x00, 0x00, 0x00, 0x00, 0x01, 0x00, 0x00, 0x00, 0x00, 0x00, 0x00, 0x00, 0x00,
    0x00, 0x00, 0x00, 0x00, 0x00, 0x00, 0x00, 0x00, 0x00, 0x00, 0x00, 0x02, 0x00, 0x3f, 0x3f, 0x04,
    0x00, 0x3f, 0x3f, 0x04, 0x00, 0x3f, 0x3f, 0x04, 0x00, 0x3f, 0x3f, 0x04, 0x00, 0x00, 0x00, 0x03,
    0x00, 0x00, 0x00, 0x00, 0x00, 0x00, 0x00, 0x00, 0x00, 0x00, 0x00, 0x00, 0x00, 0x00, 0x00, 0x00,
    0x00, 0x00, 0x00, 0x00, 0x00, 0x00, 0x00, 0x00, 0x00, 0x00, 0x00, 0x00, 0x00, 0x00, 0x00, 0x00,
    0x00, 0x00, 0x00, 0x00, 0x00, 0x00, 0x00, 0x00, 0x00, 0x00, 0x00, 0x00, 0x00, 0x00, 0x00, 0x00,
    0x00, 0x00, 0x00, 0x00, 0x00, 0x00, 0x00, 0x00, 0x00, 0x00, 0x00, 0x00, 0x00, 0x00, 0x00, 0x00,
    0x00, 0x00, 0x00, 0x00, 0x00, 0x00, 0x00, 0x00, 0x00, 0x00, 0x00, 0x00, 0x00, 0x00, 0x00, 0x00,
    0x00, 0x00, 0x00, 0x00, 0x00, 0x00, 0x00, 0x04, 0x01, 0x01, 0x01, 0x00, 0x00, 0x00, 0x00, 0x6c,
    0x51, 0x52, 0x50, 0xf1, 0xbf, 0xc1, 0xbd, 0xfd, 0xed, 0xea, 0xe6, 0xfd, 0x74, 0x7b, 0x7d, 0xea,
    0x32, 0x06, 0x02, 0xdd, 0xf8, 0x97, 0x55, 0xff, 0xff, 0xbd, 0x76, 0xfc, 0xf9, 0x73, 0x33, 0xff,
    0x91, 0x2a, 0x1c, 0xc4, 0x00, 0x00, 0x0b, 0x17, 0xff, 0xff, 0x00, 0x01, 0x00, 0x00, 0x00, 0x05,
    0x03, 0x00, 0x00, 0x00, 0x19, 0x06, 0x03, 0x50, 0xab, 0x33, 0x14, 0xed, 0xff, 0x9a, 0x53, 0xfe,
    0xff, 0xbe, 0x76, 0xfe, 0xff, 0xb8, 0x75, 0xff, 0xf7, 0xb6, 0x72, 0xfe, 0xf5, 0xa1, 0x5e, 0xff,
    0xab, 0x44, 0x1b, 0xc1, 0x3a, 0x0c, 0x0c, 0x7a, 0xbd, 0x30, 0x0f, 0xf4, 0xfa, 0x71, 0x34, 0xff,
    0xff, 0xb0, 0x67, 0xfd, 0xf1, 0x8a, 0x49, 0xff, 0xaa, 0x46, 0x1a, 0xd3, 0x04, 0x00, 0x04, 0x38,
    0x02, 0x01, 0x00, 0x00, 0x00, 0x00, 0x00, 0x01, 0x00, 0x00, 0x00, 0x00, 0x00, 0x00, 0x00, 0x02,
    0x00, 0x55, 0x55, 0x03, 0x00, 0x3f, 0x3f, 0x04, 0x00, 0x00, 0x00, 0x00, 0x00, 0x00, 0x00, 0x00,
    0x00, 0x00, 0x00, 0x00, 0x00, 0x00, 0x00, 0x00, 0x00, 0x00, 0x00, 0x00, 0x00, 0x00, 0x00, 0x00,
    0x00, 0x00, 0x00, 0x00, 0x00, 0x00, 0x00, 0x00, 0x00, 0x00, 0x00, 0x00, 0x00, 0x00, 0x00, 0x00,
    0x00, 0x00, 0x00, 0x00, 0x00, 0x00, 0x00, 0x00, 0x00, 0x00, 0x00, 0x00, 0x00, 0x00, 0x00, 0x00,
    0x00, 0x00, 0x00, 0x00, 0x00, 0x00, 0x00, 0x00, 0x00, 0x00, 0x00, 0x00, 0x00, 0x00, 0x00, 0x00,
    0x00, 0x00, 0x00, 0x00, 0x00, 0x00, 0x00, 0x00, 0x00, 0x00, 0x00, 0x01, 0x00, 0x00, 0x00, 0x00,
    0x11, 0x1a, 0x23, 0x1d, 0x0a, 0x17, 0x25, 0x4b, 0x07, 0x15, 0x2b, 0x46, 0x0a, 0x1e, 0x2c, 0x4b,
    0x10, 0x10, 0x18, 0x1f, 0x00, 0x00, 0x00, 0x00, 0x00, 0x2a, 0x2a, 0x06, 0x01, 0x01, 0x01, 0x00,
    0x07, 0x09, 0x09, 0x6d, 0x59, 0x5a, 0x5a, 0xff, 0xae, 0xaf, 0xab, 0xff, 0x80, 0x86, 0x86, 0xfe,
    0x92, 0x3f, 0x1d, 0xff, 0xff, 0xb7, 0x71, 0xfe, 0xff, 0x91, 0x51, 0xff, 0x91, 0x2b, 0x19, 0xd4,
    0x00, 0x00, 0x0e, 0x23, 0x02, 0x00, 0x00, 0x00, 0x00, 0x00, 0x00, 0x03, 0x02, 0x00, 0x00, 0x00,
    0x00, 0x00, 0x03, 0x47, 0x07, 0x00, 0x01, 0xed, 0x94, 0x45, 0x1d, 0xff, 0xb3, 0x7e, 0x4d, 0xfe,
    0xc3, 0x90, 0x5e, 0xff, 0xe4, 0x9f, 0x66, 0xfe, 0xff, 0xb8, 0x6f, 0xfe, 0xe2, 0x68, 0x34, 0xf8,
    0x05, 0x05, 0x0b, 0x57, 0x01, 0x00, 0x00, 0x00, 0x4f, 0x0d, 0x0f, 0x70, 0xaa, 0x36, 0x1b, 0xe7,
    0xc4, 0x52, 0x1e, 0xff, 0x8e, 0x2d, 0x11, 0xca, 0x00, 0x00, 0x0a, 0x49, 0x02, 0x00, 0x00, 0x00,
    0x00, 0x00, 0x00, 0x01, 0x00, 0x00, 0x00, 0x02, 0x00, 0x3f, 0x3f, 0x04, 0x00, 0x00, 0x00, 0x00,
    0x00, 0x00, 0x00, 0x00, 0x00, 0x00, 0x00, 0x00, 0x0f, 0x1f, 0x2f, 0x20, 0x0d, 0x31, 0x31, 0x61,
    0x08, 0x2e, 0x30, 0x5e, 0x05, 0x22, 0x32, 0x60, 0x07, 0x2c, 0x34, 0x62, 0x0a, 0x24, 0x20, 0x46,
    0x00, 0x00, 0x00, 0x00, 0x00, 0x00, 0x00, 0x01, 0x00, 0x00, 0x00, 0x00, 0x00, 0x00, 0x00, 0x00,
    0x00, 0x00, 0x00, 0x00, 0x00, 0x00, 0x00, 0x00, 0x00, 0x00, 0x00, 0x00, 0x00, 0x00, 0x00, 0x00,
    0x00, 0x00, 0x00, 0x00, 0x00, 0x00, 0x00, 0x00, 0x00, 0x00, 0x00, 0x00, 0x00, 0x00, 0x00, 0x00,
    0x00, 0x00, 0x00, 0x00, 0x00, 0x00, 0x00, 0x00, 0x00, 0x3f, 0x3f, 0x04, 0x00, 0x00, 0x00, 0x00,
    0x0d, 0x29, 0x3c, 0x5c, 0x0a, 0x44, 0x41, 0xff, 0x07, 0x44, 0x33, 0xff, 0x07, 0x42, 0x40, 0xff,
    0x07, 0x33, 0x38, 0xb6, 0x08, 0x20, 0x29, 0x3e, 0x00, 0x00, 0x00, 0x00, 0x00, 0x33, 0x33, 0x05,
    0x01, 0x00, 0x00, 0x00, 0x16, 0x10, 0x14, 0x7b, 0x38, 0x38, 0x37, 0xfb, 0x45, 0x18, 0x03, 0xfd,
    0xf6, 0xa2, 0x5c, 0xfe, 0xf7, 0xa9, 0x67, 0xff, 0xb0, 0x38, 0x17, 0xe7, 0x2d, 0x0a, 0x05, 0x32,
    0x01, 0x00, 0x00, 0x00, 0x3f, 0x00, 0x00, 0x04, 0x00, 0x00, 0x00, 0x01, 0x00, 0x03, 0x03, 0x42,
    0x31, 0x05, 0x01, 0xec, 0x4f, 0x17, 0x00, 0xfe, 0x45, 0x18, 0x00, 0xfd, 0x41, 0x14, 0x00, 0xff,
    0x2d, 0x13, 0x12, 0xff, 0x4e, 0x33, 0x25, 0xfe, 0xaa, 0x71, 0x47, 0xff, 0x82, 0x18, 0x05, 0xeb,
    0x1c, 0x00, 0x04, 0x7d, 0x00, 0x00, 0x03, 0x54, 0x00, 0x00, 0x00, 0x42, 0x00, 0x00, 0x00, 0x54,
    0x00, 0x0c, 0x10, 0x7b, 0x00, 0x00, 0x00, 0x33, 0x01, 0x00, 0x00, 0x00, 0x00, 0x00, 0x00, 0x01,
    0x00, 0x00, 0x00, 0x02, 0x00, 0x00, 0x00, 0x00, 0x00, 0x00, 0x00, 0x00, 0x0b, 0x22, 0x22, 0x2c,
    0x09, 0x2e, 0x2c, 0x6d, 0x07, 0x2e, 0x29, 0x63, 0x08, 0x36, 0x2c, 0xad, 0x06, 0x48, 0x3a, 0xff,
    0x06, 0x48, 0x32, 0xff, 0x0b, 0x57, 0x27, 0xff, 0x08, 0x54, 0x31, 0xff, 0x05, 0x32, 0x2a, 0xba,
    0x00, 0x00, 0x00, 0x00, 0x00, 0x7f, 0x7f, 0x02, 0x00, 0x00, 0x00, 0x00, 0x00, 0x00, 0x00, 0x00,
    0x00, 0x00, 0x00, 0x00, 0x00, 0x00, 0x00, 0x00, 0x00, 0x00, 0x00, 0x00, 0x00, 0x00, 0x00, 0x00,
    0x00, 0x00, 0x00, 0x00, 0x00, 0x00, 0x00, 0x00, 0x00, 0x00, 0x00, 0x00, 0x00, 0x00, 0x00, 0x00,
    0x00, 0x00, 0x00, 0x00, 0x00, 0x00, 0x00, 0x00, 0x00, 0x3f, 0x3f, 0x04, 0x00, 0x00, 0x00, 0x00,
    0x08, 0x26, 0x4a, 0x5c, 0x0c, 0x5b, 0x29, 0xfe, 0x0b, 0x5f, 0x0e, 0xfb, 0x05, 0x47, 0x29, 0xfc,
    0x0a, 0x58, 0x21, 0xff, 0x07, 0x40, 0x27, 0xe1, 0x06, 0x22, 0x2f, 0x51, 0x00, 0x00, 0x00, 0x00,
    0x33, 0x33, 0x33, 0x05, 0x00, 0x02, 0x07, 0x69, 0x0b, 0x00, 0x00, 0xfb, 0xea, 0x82, 0x40, 0xfd,
    0xfd, 0xc7, 0x7e, 0xfd, 0xff, 0x94, 0x53, 0xff, 0x43, 0x1c, 0x19, 0xb6, 0x00, 0x00, 0x00, 0x07,
    0xff, 0xff, 0x00, 0x01, 0x7f, 0x00, 0x00, 0x02, 0x00, 0x01, 0x00, 0x00, 0x20, 0x00, 0x02, 0xce,
    0xc6, 0x2b, 0x00, 0xff, 0xff, 0x5e, 0x00, 0xfc, 0xff, 0x68, 0x01, 0xff, 0xff, 0x65, 0x03, 0xff,
    0x9e, 0x2d, 0x02, 0xff, 0x3c, 0x00, 0x00, 0xff, 0x3c, 0x0a, 0x00, 0xff, 0x5f, 0x3b, 0x27, 0xff,
    0x9e, 0x4a, 0x37, 0xff, 0x6e, 0x4f, 0x3b, 0xff, 0x77, 0x56, 0x3e, 0xde, 0x82, 0x4c, 0x36, 0x7f,
    0x04, 0x00, 0x09, 0x34, 0x00, 0x00, 0x00, 0x00, 0xbf, 0x3f, 0x3f, 0x04, 0x00, 0x55, 0x55, 0x03,
    0x00, 0x00, 0x00, 0x00, 0x0b, 0x2c, 0x2c, 0x2e, 0x09, 0x36, 0x36, 0x6b, 0x06, 0x36, 0x2d, 0xbf,
    0x06, 0x4c, 0x33, 0xff, 0x06, 0x48, 0x2e, 0xff, 0x04, 0x44, 0x2e, 0xff, 0x04, 0x45, 0x29, 0xfc,
    0x0f, 0x66, 0x12, 0xfc, 0x19, 0x84, 0x00, 0xf9, 0x0f, 0x6b, 0x15, 0xfc, 0x04, 0x30, 0x2d, 0xac,
    0x00, 0x00, 0x00, 0x00, 0x00, 0x7f, 0x7f, 0x02, 0x00, 0x00, 0x00, 0x00, 0x00, 0x00, 0x00, 0x00,
    0x00, 0x00, 0x00, 0x00, 0x00, 0x00, 0x00, 0x00, 0x00, 0x00, 0x00, 0x00, 0x00, 0x00, 0x00, 0x00,
    0x00, 0x00, 0x00, 0x00, 0x00, 0x00, 0x00, 0x00, 0x00, 0x00, 0x00, 0x00, 0x00, 0x00, 0x00, 0x00,
    0x00, 0x00, 0x00, 0x00, 0x00, 0x00, 0x00, 0x00, 0x00, 0x3f, 0x3f, 0x04, 0x00, 0x00, 0x00, 0x00,
    0x05, 0x25, 0x43, 0x5f, 0x0b, 0x5d, 0x24, 0xff, 0x11, 0x6d, 0x0a, 0xfc, 0x09, 0x54, 0x1d, 0xff,
    0x0f, 0x69, 0x05, 0xfc, 0x0e, 0x6d, 0x0d, 0xff, 0x07, 0x44, 0x29, 0xf3, 0x0b, 0x22, 0x30, 0x5a,
    0x01, 0x00, 0x00, 0x00, 0x01, 0x04, 0x05, 0xbc, 0x10, 0x04, 0x02, 0xf9, 0xc7, 0x6c, 0x3c, 0xff,
    0xff, 0xbc, 0x70, 0xfa, 0xba, 0x66, 0x38, 0xfd, 0x3d, 0x13, 0x11, 0xcf, 0x33, 0x33, 0x00, 0x05,
    0x02, 0x01, 0x01, 0x00, 0x02, 0x00, 0x00, 0x00, 0x02, 0x02, 0x05, 0x62, 0x8e, 0x12, 0x02, 0xee,
    0xf6, 0x54, 0x00, 0xfd, 0xf7, 0x64, 0x01, 0xfe, 0xf8, 0x64, 0x02, 0xff, 0xf2, 0x51, 0x00, 0xff,
    0xf5, 0x4f, 0x02, 0xff, 0xed, 0x54, 0x26, 0xff, 0xfd, 0x77, 0x37, 0xff, 0xff, 0xbe, 0x77, 0xff,
    0xff, 0xbd, 0x77, 0xfe, 0xff, 0xbc, 0x77, 0xfe, 0xff, 0xc2, 0x7b, 0xff, 0xff, 0xa8, 0x67, 0xff,
    0xbb, 0x5d, 0x33, 0xe5, 0x90, 0x33, 0x15, 0x55, 0x00, 0x00, 0x00, 0x00, 0x01, 0x00, 0x00, 0x00,
    0x0b, 0x22, 0x22, 0x2d, 0x07, 0x3b, 0x32, 0xc5, 0x06, 0x52, 0x31, 0xff, 0x05, 0x4e, 0x24, 0xff,
    0x04, 0x47, 0x26, 0xfc, 0x03, 0x43, 0x28, 0xfc, 0x04, 0x46, 0x27, 0xfd, 0x0e, 0x67, 0x10, 0xff,
    0x16, 0x7a, 0x00, 0xff, 0x16, 0x79, 0x01, 0xfc, 0x0e, 0x67, 0x17, 0xff, 0x04, 0x30, 0x2b, 0xaf,
    0x00, 0x00, 0x00, 0x00, 0x00, 0x7f, 0x7f, 0x02, 0x00, 0x00, 0x00, 0x00, 0x00, 0x00, 0x00, 0x00,
    0x00, 0x00, 0x00, 0x00, 0x00, 0x00, 0x00, 0x00, 0x00, 0x00, 0x00, 0x00, 0x00, 0x00, 0x00, 0x00,
    0x00, 0x00, 0x00, 0x00, 0x00, 0x00, 0x00, 0x00, 0x00, 0x00, 0x00, 0x00, 0x00, 0x00, 0x00, 0x00,
    0x00, 0x00, 0x00, 0x00, 0x00, 0x00, 0x00, 0x00, 0x00, 0x3f, 0x3f, 0x04, 0x00, 0x00, 0x00, 0x00,
    0x02, 0x28, 0x43, 0x5e, 0x0a, 0x5a, 0x29, 0xff, 0x18, 0x80, 0x00, 0xfc, 0x0d, 0x60, 0x15, 0xff,
    0x05, 0x47, 0x27, 0xff, 0x11, 0x6d, 0x05, 0xfd, 0x0f, 0x6c, 0x0b, 0xfe, 0x08, 0x47, 0x28, 0xf5,
    0x0b, 0x26, 0x2b, 0x57, 0x00, 0x2a, 0x00, 0x06, 0x02, 0x00, 0x02, 0x63, 0x56, 0x0e, 0x0a, 0xbd,
    0xaf, 0x57, 0x2e, 0xff, 0x12, 0x06, 0x03, 0xff, 0x0c, 0x11, 0x11, 0xec, 0x12, 0x0e, 0x0e, 0x36,
    0x00, 0x00, 0x00, 0x00, 0x00, 0x00, 0x00, 0x00, 0x07, 0x01, 0x02, 0xd1, 0xc3, 0x2c, 0x01, 0xff,
    0xff, 0x5c, 0x01, 0xfc, 0xfb, 0x66, 0x01, 0xff, 0xeb, 0x48, 0x00, 0xff, 0xe9, 0x4b, 0x14, 0xff,
    0xee, 0x73, 0x39, 0xff, 0xfc, 0xbb, 0x77, 0xff, 0xfa, 0xb9, 0x77, 0xff, 0xf9, 0xb8, 0x77, 0xff,
    0xfd, 0xbe, 0x7b, 0xff, 0xf9, 0xb9, 0x77, 0xff, 0xf9, 0xb3, 0x71, 0xfe, 0xfc, 0xba, 0x75, 0xfb,
    0xff, 0xb7, 0x6b, 0xff, 0xdf, 0x7a, 0x40, 0xea, 0xa0, 0x2d, 0x1a, 0x4e, 0x14, 0x2e, 0x35, 0x26,
    0x07, 0x3a, 0x2f, 0xc7, 0x08, 0x55, 0x25, 0xff, 0x0a, 0x60, 0x0a, 0xf9, 0x07, 0x54, 0x16, 0xfe,
    0x02, 0x40, 0x2c, 0xff, 0x05, 0x49, 0x25, 0xff, 0x10, 0x68, 0x0e, 0xff, 0x17, 0x7c, 0x00, 0xff,
    0x16, 0x79, 0x00, 0xff, 0x18, 0x7f, 0x00, 0xfc, 0x0e, 0x6a, 0x13, 0xff, 0x04, 0x30, 0x2e, 0xb1,
    0x00, 0x00, 0x00, 0x00, 0x00, 0x7f, 0x7f, 0x02, 0x00, 0x00, 0x00, 0x00, 0x00, 0x00, 0x00, 0x00,
    0x00, 0x00, 0x00, 0x00, 0x00, 0x00, 0x00, 0x00, 0x00, 0x00, 0x00, 0x00, 0x00, 0x00, 0x00, 0x00,
    0x00, 0x00, 0x00, 0x00, 0x00, 0x00, 0x00, 0x00, 0x00, 0x00, 0x00, 0x00, 0x00, 0x00, 0x00, 0x00,
    0x00, 0x00, 0x00, 0x00, 0x00, 0x00, 0x00, 0x00, 0x00, 0x3f, 0x3f, 0x04, 0x00, 0x00, 0x00, 0x00,
    0x02, 0x25, 0x3d, 0x60, 0x0a, 0x5a, 0x27, 0xff, 0x16, 0x7c, 0x01, 0xfc, 0x11, 0x6e, 0x08, 0xff,
    0x07, 0x4e, 0x23, 0xff, 0x07, 0x50, 0x1f, 0xff, 0x0f, 0x69, 0x07, 0xfd, 0x0a, 0x5f, 0x14, 0xff,
    0x09, 0x3d, 0x28, 0xef, 0x21, 0x12, 0x28, 0x45, 0x00, 0x01, 0x00, 0x00, 0x00, 0x08, 0x08, 0x1f,
    0x17, 0x00, 0x01, 0xa5, 0x0b, 0x07, 0x07, 0xc3, 0x1f, 0x1d, 0x1c, 0xff, 0x0c, 0x0c, 0x0c, 0x3f,
    0x00, 0x00, 0x00, 0x00, 0x00, 0x00, 0x00, 0x00, 0x02, 0x01, 0x01, 0xc4, 0xb6, 0x24, 0x00, 0xfe,
    0xf2, 0x41, 0x01, 0xfc, 0xe4, 0x42, 0x01, 0xff, 0xdd, 0x3f, 0x11, 0xff, 0xf8, 0x96, 0x56, 0xff,
    0xff, 0xba, 0x76, 0xff, 0xfb, 0xb1, 0x71, 0xff, 0xfd, 0xb2, 0x6f, 0xff, 0xfb, 0x99, 0x57, 0xff,
    0xea, 0x7c, 0x43, 0xff, 0xfb, 0x99, 0x56, 0xff, 0xfc, 0xb8, 0x75, 0xff, 0xfc, 0xb5, 0x73, 0xff,
    0xf9, 0xb9, 0x77, 0xfb, 0xff, 0xad, 0x64, 0xff, 0xdd, 0x4e, 0x24, 0xaf, 0x00, 0x2f, 0x2c, 0x5c,
    0x0a, 0x59, 0x28, 0xff, 0x0b, 0x60, 0x0a, 0xfa, 0x09, 0x5a, 0x13, 0xff, 0x03, 0x45, 0x28, 0xff,
    0x06, 0x4b, 0x25, 0xff, 0x11, 0x6b, 0x0c, 0xff, 0x17, 0x7c, 0x00, 0xff, 0x11, 0x6e, 0x06, 0xff,
    0x0c, 0x61, 0x11, 0xff, 0x0d, 0x62, 0x15, 0xfc, 0x09, 0x58, 0x24, 0xff, 0x05, 0x35, 0x2b, 0xb0,
    0x00, 0x00, 0x00, 0x00, 0x00, 0x7f, 0x7f, 0x02, 0x00, 0x00, 0x00, 0x00, 0x00, 0x00, 0x00, 0x00,
    0x00, 0x00, 0x00, 0x00, 0x00, 0x00, 0x00, 0x00, 0x00, 0x00, 0x00, 0x00, 0x00, 0x00, 0x00, 0x00,
    0x00, 0x00, 0x00, 0x00, 0x00, 0x00, 0x00, 0x00, 0x00, 0x00, 0x00, 0x00, 0x00, 0x00, 0x00, 0x00,
    0x00, 0x00, 0x00, 0x00, 0x00, 0x00, 0x00, 0x00, 0x00, 0x3f, 0x3f, 0x04, 0x00, 0x00, 0x00, 0x00,
    0x02, 0x27, 0x41, 0x61, 0x0b, 0x5d, 0x26, 0xfd, 0x17, 0x7c, 0x00, 0xfc, 0x16, 0x7a, 0x00, 0xff,
    0x10, 0x68, 0x0e, 0xff, 0x03, 0x42, 0x2d, 0xff, 0x08, 0x53, 0x19, 0xff, 0x0b, 0x61, 0x08, 0xfd,
    0x0d, 0x60, 0x11, 0xff, 0x0e, 0x31, 0x2c, 0xde, 0x15, 0x00, 0x00, 0x0c, 0x01, 0x01, 0x00, 0x00,
    0x00, 0x02, 0x01, 0x00, 0x0d, 0x0d, 0x0d, 0x13, 0x00, 0x00, 0x00, 0x58, 0x00, 0x00, 0x00, 0x03,
    0x00, 0x00, 0x00, 0x00, 0x00, 0x00, 0x00, 0x00, 0x04, 0x02, 0x04, 0xcf, 0x97, 0x13, 0x02, 0xff,
    0xe2, 0x21, 0x02, 0xfc, 0xe8, 0x2e, 0x02, 0xff, 0xff, 0x77, 0x2f, 0xff, 0xff, 0xa7, 0x60, 0xff,
    0xf8, 0xb6, 0x76, 0xff, 0xfb, 0xb7, 0x73, 0xff, 0xf4, 0x91, 0x4e, 0xff, 0xce, 0x3f, 0x12, 0xff,
    0xea, 0x54, 0x1b, 0xff, 0xfc, 0x95, 0x51, 0xff, 0xfc, 0xb7, 0x75, 0xff, 0xfc, 0xb2, 0x71, 0xff,
    0xfc, 0xbd, 0x79, 0xfc, 0xf9, 0x9e, 0x64, 0xff, 0x96, 0x2b, 0x19, 0x8e, 0x00, 0x3e, 0x23, 0x56,
    0x0a, 0x59, 0x1d, 0xfd, 0x07, 0x50, 0x19, 0xfc, 0x03, 0x42, 0x2a, 0xff, 0x06, 0x4c, 0x24, 0xff,
    0x10, 0x6d, 0x0a, 0xff, 0x15, 0x79, 0x00, 0xff, 0x14, 0x76, 0x00, 0xff, 0x10, 0x6d, 0x06, 0xff,
    0x08, 0x5c, 0x13, 0xff, 0x0a, 0x5d, 0x16, 0xfc, 0x08, 0x58, 0x23, 0xfe, 0x04, 0x34, 0x2a, 0xae,
    0x00, 0x00, 0x00, 0x00, 0x00, 0x7f, 0x7f, 0x02, 0x00, 0x00, 0x00, 0x00, 0x00, 0x00, 0x00, 0x00,
    0x00, 0x00, 0x00, 0x00, 0x00, 0x00, 0x00, 0x00, 0x00, 0x00, 0x00, 0x00, 0x00, 0x00, 0x00, 0x00,
    0x00, 0x00, 0x00, 0x00, 0x00, 0x00, 0x00, 0x00, 0x00, 0x00, 0x00, 0x00, 0x00, 0x00, 0x00, 0x00,
    0x00, 0x00, 0x00, 0x00, 0x00, 0x00, 0x00, 0x00, 0x00, 0x3f, 0x3f, 0x04, 0x00, 0x00, 0x00, 0x00,
    0x09, 0x2e, 0x38, 0x6d, 0x06, 0x51, 0x38, 0xff, 0x0f, 0x6c, 0x0d, 0xfc, 0x18, 0x7e, 0x00, 0xff,
    0x17, 0x78, 0x03, 0xff, 0x09, 0x52, 0x1e, 0xff, 0x03, 0x44, 0x2a, 0xff, 0x0d, 0x62, 0x0c, 0xff,
    0x0f, 0x69, 0x06, 0xfe, 0x07, 0x57, 0x18, 0xff, 0x07, 0x31, 0x24, 0xae, 0x0e, 0x0e, 0x1c, 0x12,
    0x00, 0x00, 0x00, 0x00, 0x00, 0x01, 0x00, 0x00, 0x00, 0x01, 0x00, 0x00, 0x00, 0x00, 0x00, 0x00,
    0x00, 0x00, 0x00, 0x01, 0x00, 0x00, 0x00, 0x00, 0x06, 0x06, 0x09, 0x51, 0x30, 0x04, 0x03, 0xed,
    0x48, 0x07, 0x00, 0xfe, 0x50, 0x14, 0x00, 0xfe, 0x63, 0x27, 0x0e, 0xff, 0xe8, 0x63, 0x27, 0xff,
    0xff, 0x8b, 0x44, 0xff, 0xff, 0x81, 0x3d, 0xff, 0xbf, 0x3f, 0x15, 0xff, 0x67, 0x27, 0x12, 0xff,
    0xfe, 0xab, 0x64, 0xff, 0xfc, 0xb8, 0x75, 0xff, 0xfb, 0xb4, 0x72, 0xff, 0xf9, 0xbe, 0x7b, 0xfc,
    0xff, 0xaa, 0x64, 0xff, 0xcc, 0x56, 0x32, 0xe5, 0x00, 0x00, 0x00, 0x22, 0x0b, 0x3f, 0x22, 0x59,
    0x05, 0x4f, 0x28, 0xff, 0x04, 0x47, 0x26, 0xfb, 0x05, 0x45, 0x29, 0xff, 0x10, 0x6c, 0x09, 0xff,
    0x15, 0x79, 0x00, 0xff, 0x13, 0x73, 0x02, 0xff, 0x15, 0x75, 0x01, 0xff, 0x15, 0x79, 0x00, 0xfe,
    0x17, 0x80, 0x00, 0xfc, 0x12, 0x76, 0x02, 0xf9, 0x07, 0x57, 0x26, 0xff, 0x05, 0x33, 0x29, 0xb9,
    0x00, 0x00, 0x00, 0x00, 0x00, 0x7f, 0x7f, 0x02, 0x00, 0x00, 0x00, 0x00, 0x00, 0x00, 0x00, 0x00,
    0x00, 0x00, 0x00, 0x00, 0x00, 0x00, 0x00, 0x00, 0x00, 0x00, 0x00, 0x00, 0x00, 0x00, 0x00, 0x00,
    0x00, 0x00, 0x00, 0x00, 0x00, 0x00, 0x00, 0x00, 0x00, 0x00, 0x00, 0x00, 0x00, 0x00, 0x00, 0x00,
    0x00, 0x00, 0x00, 0x00, 0x00, 0x00, 0x00, 0x00, 0x00, 0x00, 0x00, 0x01, 0x00, 0x7f, 0x7f, 0x02,
    0x0e, 0x24, 0x1d, 0x23, 0x04, 0x34, 0x3a, 0xaa, 0x06, 0x4c, 0x38, 0xfc, 0x09, 0x52, 0x27, 0xfc,
    0x11, 0x69, 0x10, 0xff, 0x19, 0x7d, 0x01, 0xff, 0x09, 0x53, 0x1f, 0xff, 0x05, 0x46, 0x29, 0xff,
    0x0d, 0x5f, 0x0d, 0xfe, 0x0e, 0x6a, 0x04, 0xfe, 0x05, 0x43, 0x2d, 0xff, 0x08, 0x11, 0x11, 0x1d,
    0x1c, 0x00, 0x00, 0x1b, 0x66, 0x00, 0x00, 0x05, 0x00, 0x00, 0x00, 0x03, 0x00, 0x00, 0x00, 0x02,
    0x00, 0x00, 0x00, 0x00, 0x00, 0x00, 0x00, 0x02, 0x00, 0x00, 0x00, 0x00, 0x00, 0x01, 0x05, 0x96,
    0x84, 0x3c, 0x17, 0xff, 0xaa, 0x4a, 0x1b, 0xfd, 0x9d, 0x36, 0x10, 0xff, 0x50, 0x12, 0x01, 0xff,
    0x40, 0x15, 0x03, 0xff, 0x4e, 0x18, 0x05, 0xff, 0x26, 0x01, 0x00, 0xff, 0x4a, 0x2b, 0x1b, 0xff,
    0xff, 0xb4, 0x6e, 0xff, 0xf8, 0xb8, 0x76, 0xff, 0xfd, 0xb7, 0x72, 0xfc, 0xff, 0x97, 0x54, 0xff,
    0xbe, 0x49, 0x25, 0xf0, 0x6e, 0x0c, 0x00, 0x51, 0x1f, 0x44, 0x3e, 0x29, 0x07, 0x45, 0x2c, 0xda,
    0x04, 0x4a, 0x25, 0xfd, 0x03, 0x42, 0x2c, 0xfe, 0x0b, 0x5a, 0x18, 0xff, 0x17, 0x7d, 0x00, 0xff,
    0x15, 0x79, 0x00, 0xff, 0x16, 0x79, 0x00, 0xff, 0x15, 0x77, 0x00, 0xff, 0x0e, 0x68, 0x0f, 0xff,
    0x09, 0x59, 0x25, 0xff, 0x08, 0x52, 0x2d, 0xff, 0x04, 0x36, 0x32, 0xda, 0x08, 0x29, 0x25, 0x3e,
    0x00, 0xff, 0xff, 0x01, 0x00, 0x00, 0x00, 0x01, 0x00, 0x00, 0x00, 0x00, 0x00, 0x00, 0x00, 0x00,
    0x00, 0x00, 0x00, 0x00, 0x00, 0x00, 0x00, 0x00, 0x00, 0x00, 0x00, 0x00, 0x00, 0x00, 0x00, 0x00,
    0x00, 0x00, 0x00, 0x00, 0x00, 0x00, 0x00, 0x00, 0x00, 0x00, 0x00, 0x00, 0x00, 0x00, 0x00, 0x00,
    0x00, 0x00, 0x00, 0x00, 0x00, 0x00, 0x00, 0x00, 0x00, 0x00, 0x00, 0x01, 0x00, 0x00, 0x00, 0x02,
    0x0a, 0x15, 0x1f, 0x18, 0x08, 0x20, 0x29, 0x74, 0x09, 0x27, 0x3d, 0xb3, 0x06, 0x33, 0x42, 0xe6,
    0x05, 0x4b, 0x2d, 0xff, 0x14, 0x71, 0x0a, 0xfe, 0x11, 0x6e, 0x0b, 0xff, 0x05, 0x46, 0x2a, 0xff,
    0x0a, 0x5b, 0x11, 0xfe, 0x0b, 0x5c, 0x12, 0xff, 0x08, 0x37, 0x2c, 0xb3, 0x08, 0x08, 0x11, 0x1d,
    0x0a, 0x2b, 0x2d, 0xc9, 0x0a, 0x31, 0x31, 0xab, 0x15, 0x00, 0x2a, 0x0c, 0x00, 0x00, 0x00, 0x00,
    0x00, 0x00, 0x00, 0x02, 0x00, 0x00, 0x00, 0x02, 0x7f, 0x00, 0x00, 0x02, 0x03, 0x00, 0x03, 0x43,
    0xb2, 0x3e, 0x19, 0xf3, 0xff, 0x94, 0x4e, 0xff, 0xff, 0xa1, 0x5b, 0xfe, 0xb9, 0x5b, 0x2a, 0xff,
    0x83, 0x27, 0x0a, 0xff, 0x00, 0x03, 0x04, 0xff, 0x15, 0x1e, 0x1d, 0xff, 0x39, 0x16, 0x0e, 0xff,
    0xb2, 0x4a, 0x1e, 0xff, 0xff, 0xa2, 0x59, 0xfc, 0xf7, 0x88, 0x47, 0xff, 0x9f, 0x38, 0x18, 0xd8,
    0x57, 0x03, 0x09, 0x52, 0x00, 0x25, 0x38, 0x1b, 0x0c, 0x3e, 0x33, 0xa0, 0x04, 0x4c, 0x2d, 0xff,
    0x03, 0x43, 0x2a, 0xfd, 0x09, 0x55, 0x1f, 0xff, 0x15, 0x77, 0x04, 0xff, 0x12, 0x6f, 0x08, 0xff,
    0x0c, 0x5e, 0x15, 0xff, 0x0d, 0x5c, 0x16, 0xfe, 0x0a, 0x57, 0x1e, 0xfe, 0x08, 0x44, 0x2f, 0xec,
    0x0b, 0x30, 0x33, 0x99, 0x0a, 0x28, 0x2f, 0x4b, 0x15, 0x0a, 0x15, 0x18, 0x00, 0x00, 0x00, 0x00,
    0x00, 0x00, 0x00, 0x01, 0x00, 0x00, 0x00, 0x00, 0x00, 0x00, 0x00, 0x00, 0x00, 0x00, 0x00, 0x00,
    0x00, 0x00, 0x00, 0x00, 0x00, 0x00, 0x00, 0x00, 0x00, 0x00, 0x00, 0x00, 0x00, 0x00, 0x00, 0x00,
    0x00, 0x00, 0x00, 0x00, 0x00, 0x00, 0x00, 0x00, 0x00, 0x00, 0x00, 0x00, 0x00, 0x00, 0x00, 0x00,
    0x00, 0x00, 0x00, 0x00, 0x00, 0x00, 0x00, 0x00, 0x00, 0x3f, 0x3f, 0x04, 0x00, 0x00, 0x00, 0x00,
    0x0a, 0x2a, 0x3b, 0x5f, 0x08, 0x4c, 0x3b, 0xff, 0x09, 0x53, 0x28, 0xfa, 0x0a, 0x53, 0x27, 0xff,
    0x08, 0x51, 0x25, 0xff, 0x0e, 0x64, 0x12, 0xff, 0x19, 0x81, 0x00, 0xff, 0x0c, 0x5a, 0x18, 0xfe,
    0x05, 0x4d, 0x21, 0xff, 0x05, 0x42, 0x27, 0xf8, 0x11, 0x00, 0x11, 0x2b, 0x05, 0x2d, 0x29, 0x93,
    0x07, 0x56, 0x22, 0xff, 0x07, 0x58, 0x1d, 0xff, 0x06, 0x33, 0x24, 0x99, 0x0a, 0x1e, 0x1e, 0x19,
    0x00, 0x00, 0x00, 0x01, 0x00, 0x00, 0x00, 0x02, 0xff, 0x00, 0x00, 0x01, 0x00, 0x00, 0x00, 0x00,
    0x47, 0x00, 0x07, 0xb6, 0xdd, 0x90, 0x5c, 0xff, 0xfd, 0xc0, 0x7a, 0xfd, 0xff, 0xa0, 0x59, 0xff,
    0x8f, 0x2e, 0x0d, 0xff, 0x0a, 0x06, 0x05, 0xff, 0x3d, 0x3a, 0x36, 0xff, 0x28, 0x30, 0x2f, 0xff,
    0x23, 0x13, 0x0d, 0xfd, 0xaa, 0x35, 0x0c, 0xff, 0x89, 0x30, 0x15, 0xe8, 0x00, 0x00, 0x0c, 0x3d,
    0x00, 0x22, 0x2e, 0x16, 0x09, 0x39, 0x2a, 0xba, 0x04, 0x4a, 0x2d, 0xff, 0x03, 0x43, 0x2a, 0xfb,
    0x05, 0x48, 0x29, 0xff, 0x10, 0x6a, 0x0e, 0xff, 0x17, 0x7c, 0x00, 0xff, 0x0e, 0x65, 0x0e, 0xff,
    0x07, 0x50, 0x21, 0xff, 0x08, 0x52, 0x1f, 0xfe, 0x09, 0x57, 0x25, 0xff, 0x0a, 0x45, 0x27, 0xdb,
    0x06, 0x20, 0x26, 0x7d, 0x02, 0x26, 0x26, 0x70, 0x04, 0x2f, 0x29, 0x7c, 0x08, 0x24, 0x1c, 0x5b,
    0x00, 0x00, 0x00, 0x00, 0x00, 0x00, 0x00, 0x01, 0x00, 0x00, 0x00, 0x00, 0x00, 0x00, 0x00, 0x00,
    0x00, 0x00, 0x00, 0x00, 0x00, 0x00, 0x00, 0x00, 0x00, 0x00, 0x00, 0x00, 0x00, 0x00, 0x00, 0x00,
    0x00, 0x00, 0x00, 0x00, 0x00, 0x00, 0x00, 0x00, 0x00, 0x00, 0x00, 0x00, 0x00, 0x00, 0x00, 0x00,
    0x00, 0x00, 0x00, 0x00, 0x00, 0x00, 0x00, 0x00, 0x00, 0x3f, 0x3f, 0x04, 0x00, 0x00, 0x00, 0x00,
    0x08, 0x2c, 0x55, 0x56, 0x0c, 0x5f, 0x2a, 0xfe, 0x18, 0x82, 0x00, 0xfc, 0x17, 0x7c, 0x00, 0xff,
    0x18, 0x7e, 0x00, 0xff, 0x15, 0x75, 0x03, 0xff, 0x14, 0x74, 0x05, 0xff, 0x11, 0x69, 0x0e, 0xfe,
    0x04, 0x47, 0x2b, 0xff, 0x05, 0x41, 0x2a, 0xf5, 0x09, 0x2e, 0x27, 0xaa, 0x09, 0x54, 0x1f, 0xff,
    0x10, 0x6e, 0x00, 0xfd, 0x0f, 0x6c, 0x00, 0xfc, 0x06, 0x49, 0x2d, 0xff, 0x09, 0x25, 0x2a, 0x36,
    0x00, 0x00, 0x00, 0x00, 0x00, 0x00, 0x00, 0x02, 0x7f, 0x00, 0x00, 0x02, 0x01, 0x01, 0x00, 0x00,
    0x0e, 0x02, 0x06, 0x7e, 0xd6, 0x90, 0x5b, 0xff, 0xff, 0xc6, 0x7c, 0xfd, 0xd5, 0x86, 0x51, 0xff,
    0x03, 0x05, 0x04, 0xff, 0x1b, 0x1c, 0x1a, 0xff, 0x3a, 0x39, 0x36, 0xff, 0x38, 0x36, 0x32, 0xfe,
    0x1e, 0x1f, 0x1d, 0xff, 0x00, 0x00, 0x03, 0xea, 0x00, 0x00, 0x06, 0x4f, 0x43, 0x50, 0x35, 0x13,
    0x0d, 0x45, 0x1f, 0xb8, 0x05, 0x53, 0x20, 0xff, 0x03, 0x43, 0x27, 0xfa, 0x04, 0x46, 0x29, 0xff,
    0x0e, 0x65, 0x11, 0xff, 0x16, 0x7b, 0x00, 0xff, 0x14, 0x74, 0x01, 0xff, 0x14, 0x76, 0x00, 0xff,
    0x15, 0x79, 0x00, 0xff, 0x15, 0x7a, 0x00, 0xff, 0x16, 0x7e, 0x00, 0xff, 0x11, 0x6f, 0x0b, 0xff,
    0x09, 0x58, 0x24, 0xff, 0x0b, 0x5c, 0x1f, 0xff, 0x07, 0x58, 0x2b, 0xff, 0x04, 0x34, 0x2c, 0xb3,
    0x00, 0x00, 0x00, 0x00, 0x00, 0x55, 0x55, 0x03, 0x00, 0x00, 0x00, 0x00, 0x00, 0x00, 0x00, 0x00,
    0x00, 0x00, 0x00, 0x00, 0x00, 0x00, 0x00, 0x00, 0x00, 0x00, 0x00, 0x00, 0x00, 0x00, 0x00, 0x00,
    0x00, 0x00, 0x00, 0x00, 0x00, 0x00, 0x00, 0x00, 0x00, 0x00, 0x00, 0x00, 0x00, 0x00, 0x00, 0x00,
    0x00, 0x00, 0x00, 0x00, 0x00, 0x00, 0x00, 0x00, 0x00, 0x3f, 0x3f, 0x04, 0x00, 0x00, 0x00, 0x00,
    0x08, 0x28, 0x44, 0x59, 0x0b, 0x55, 0x30, 0xff, 0x14, 0x75, 0x07, 0xfc, 0x15, 0x74, 0x05, 0xff,
    0x13, 0x6f, 0x06, 0xff, 0x0b, 0x59, 0x19, 0xff, 0x0b, 0x5d, 0x18, 0xff, 0x17, 0x7e, 0x00, 0xff,
    0x0c, 0x5b, 0x16, 0xff, 0x03, 0x45, 0x2c, 0xff, 0x07, 0x51, 0x24, 0xff, 0x0f, 0x6b, 0x00, 0xfd,
    0x0f, 0x6a, 0x04, 0xff, 0x0f, 0x6b, 0x04, 0xfe, 0x07, 0x4d, 0x25, 0xfa, 0x08, 0x27, 0x27, 0x3a,
    0x00, 0x00, 0x00, 0x00, 0x00, 0x55, 0x00, 0x03, 0xff, 0x00, 0x00, 0x01, 0x00, 0x0c, 0x00, 0x15,
    0x35, 0x01, 0x02, 0xca, 0xdb, 0x80, 0x49, 0xff, 0xe8, 0xa0, 0x61, 0xfd, 0x55, 0x17, 0x08, 0xff,
    0x0b, 0x05, 0x04, 0xff, 0x3a, 0x3b, 0x37, 0xff, 0x37, 0x35, 0x32, 0xfe, 0x18, 0x16, 0x14, 0xfc,
    0x03, 0x01, 0x01, 0xf9, 0x0c, 0x0c, 0x09, 0x55, 0x2f, 0x7f, 0x5f, 0x10, 0x09, 0x40, 0x2b, 0x9e,
    0x09, 0x5c, 0x17, 0xff, 0x0a, 0x5c, 0x0c, 0xfa, 0x02, 0x40, 0x2d, 0xff, 0x0a, 0x56, 0x1c, 0xff,
    0x16, 0x7c, 0x00, 0xff, 0x14, 0x75, 0x01, 0xff, 0x15, 0x75, 0x00, 0xff, 0x14, 0x75, 0x00, 0xff,
    0x14, 0x74, 0x01, 0xff, 0x14, 0x75, 0x01, 0xff, 0x14, 0x75, 0x01, 0xff, 0x14, 0x76, 0x00, 0xfe,
    0x15, 0x7a, 0x00, 0xfc, 0x16, 0x81, 0x00, 0xf8, 0x0e, 0x6b, 0x15, 0xfb, 0x03, 0x2f, 0x2f, 0xa5,
    0x00, 0x00, 0x00, 0x00, 0x00, 0x55, 0x55, 0x03, 0x00, 0x00, 0x00, 0x00, 0x00, 0x00, 0x00, 0x00,
    0x00, 0x00, 0x00, 0x00, 0x00, 0x00, 0x00, 0x00, 0x00, 0x00, 0x00, 0x00, 0x00, 0x00, 0x00, 0x00,
    0x00, 0x00, 0x00, 0x00, 0x00, 0x00, 0x00, 0x00, 0x00, 0x00, 0x00, 0x00, 0x00, 0x00, 0x00, 0x00,
    0x00, 0x00, 0x00, 0x00, 0x00, 0x00, 0x00, 0x00, 0x00, 0x00, 0x00, 0x01, 0x00, 0x7f, 0x7f, 0x02,
    0x0e, 0x1c, 0x1c, 0x12, 0x07, 0x33, 0x36, 0xa0, 0x05, 0x4c, 0x34, 0xfd, 0x05, 0x4a, 0x25, 0xfc,
    0x09, 0x5a, 0x17, 0xff, 0x13, 0x73, 0x03, 0xff, 0x15, 0x76, 0x02, 0xff, 0x15, 0x78, 0x01, 0xff,
    0x13, 0x73, 0x04, 0xff, 0x06, 0x4c, 0x26, 0xff, 0x0f, 0x66, 0x06, 0xfd, 0x0e, 0x67, 0x06, 0xff,
    0x06, 0x50, 0x1b, 0xff, 0x0f, 0x6b, 0x05, 0xfd, 0x08, 0x4d, 0x28, 0xff, 0x08, 0x23, 0x28, 0x39,
    0x00, 0x00, 0x00, 0x00, 0x66, 0x33, 0x33, 0x05, 0x00, 0x01, 0x00, 0x00, 0x33, 0x01, 0x06, 0x96,
    0xc7, 0x75, 0x48, 0xfe, 0xfb, 0xa9, 0x61, 0xfd, 0x3a, 0x20, 0x11, 0xff, 0x00, 0x00, 0x00, 0xff,
    0x03, 0x03, 0x02, 0xff, 0x0a, 0x09, 0x07, 0xff, 0x09, 0x08, 0x07, 0xfe, 0x05, 0x03, 0x03, 0xff,
    0x07, 0x07, 0x09, 0x87, 0x00, 0x00, 0x00, 0x00, 0x09, 0x38, 0x2a, 0x6c, 0x05, 0x50, 0x2a, 0xff,
    0x05, 0x4b, 0x1f, 0xf9, 0x05, 0x4b, 0x23, 0xff, 0x03, 0x42, 0x2b, 0xff, 0x0b, 0x5a, 0x18, 0xff,
    0x16, 0x7a, 0x00, 0xff, 0x15, 0x75, 0x00, 0xff, 0x15, 0x76, 0x00, 0xff, 0x15, 0x76, 0x00, 0xff,
    0x14, 0x76, 0x00, 0xff, 0x15, 0x76, 0x00, 0xfe, 0x14, 0x75, 0x00, 0xfd, 0x14, 0x75, 0x00, 0xfe,
    0x15, 0x7a, 0x00, 0xff, 0x0f, 0x69, 0x0c, 0xfb, 0x03, 0x4b, 0x30, 0xff, 0x05, 0x34, 0x2a, 0xae,
    0x00, 0x00, 0x00, 0x00, 0x00, 0x55, 0x55, 0x03, 0x00, 0x00, 0x00, 0x00, 0x00, 0x00, 0x00, 0x00,
    0x00, 0x00, 0x00, 0x00, 0x00, 0x00, 0x00, 0x00, 0x00, 0x00, 0x00, 0x00, 0x00, 0x00, 0x00, 0x00,
    0x00, 0x00, 0x00, 0x00, 0x00, 0x00, 0x00, 0x00, 0x00, 0x00, 0x00, 0x00, 0x00, 0x00, 0x00, 0x00,
    0x00, 0x00, 0x00, 0x00, 0x00, 0x00, 0x00, 0x00, 0x00, 0x00, 0x00, 0x00, 0x00, 0x33, 0x33, 0x05,
    0x00, 0x00, 0x00, 0x00, 0x05, 0x2f, 0x3d, 0x85, 0x0a, 0x5c, 0x2a, 0xff, 0x12, 0x75, 0x02, 0xf7,
    0x14, 0x78, 0x00, 0xfc, 0x15, 0x7a, 0x00, 0xfd, 0x15, 0x7a, 0x00, 0xff, 0x15, 0x7a, 0x00, 0xff,
    0x16, 0x7b, 0x00, 0xff, 0x0d, 0x5e, 0x15, 0xff, 0x04, 0x47, 0x27, 0xff, 0x07, 0x56, 0x16, 0xff,
    0x0c, 0x64, 0x08, 0xfe, 0x07, 0x52, 0x23, 0xff, 0x0b, 0x2a, 0x27, 0x89, 0x15, 0x0a, 0x15, 0x18,
    0x00, 0x19, 0x19, 0x0a, 0xff, 0xff, 0x00, 0x01, 0x00, 0x00, 0x00, 0x27, 0xb7, 0x49, 0x1f, 0xe4,
    0xff, 0xa9, 0x63, 0xff, 0xff, 0xc0, 0x7b, 0xfe, 0x30, 0x23, 0x16, 0xff, 0x1e, 0x20, 0x20, 0xff,
    0x32, 0x31, 0x2e, 0xfe, 0x24, 0x23, 0x20, 0xfe, 0x00, 0x00, 0x00, 0xfb, 0x03, 0x05, 0x05, 0x99,
    0x17, 0x17, 0x17, 0x0b, 0x0c, 0x2d, 0x2d, 0x4f, 0x08, 0x4e, 0x23, 0xf0, 0x0c, 0x64, 0x06, 0xfa,
    0x09, 0x57, 0x15, 0xff, 0x03, 0x42, 0x2e, 0xff, 0x0a, 0x55, 0x1f, 0xff, 0x18, 0x7c, 0x03, 0xff,
    0x0e, 0x67, 0x0d, 0xff, 0x05, 0x4a, 0x23, 0xff, 0x06, 0x4b, 0x26, 0xff, 0x06, 0x4c, 0x25, 0xff,
    0x06, 0x4c, 0x24, 0xff, 0x06, 0x4d, 0x26, 0xff, 0x07, 0x4e, 0x27, 0xff, 0x07, 0x51, 0x20, 0xff,
    0x07, 0x53, 0x1c, 0xfd, 0x05, 0x4e, 0x2a, 0xff, 0x04, 0x36, 0x2b, 0xd4, 0x0c, 0x26, 0x1f, 0x28,
    0x00, 0xff, 0xff, 0x01, 0x00, 0x00, 0x00, 0x01, 0x00, 0x00, 0x00, 0x00, 0x00, 0x00, 0x00, 0x00,
    0x00, 0x00, 0x00, 0x00, 0x00, 0x00, 0x00, 0x00, 0x00, 0x00, 0x00, 0x00, 0x00, 0x00, 0x00, 0x00,
    0x00, 0x00, 0x00, 0x00, 0x00, 0x00, 0x00, 0x00, 0x00, 0x00, 0x00, 0x00, 0x00, 0x00, 0x00, 0x00,
    0x00, 0x00, 0x00, 0x00, 0x00, 0x00, 0x00, 0x00, 0x00, 0x00, 0x00, 0x00, 0x00, 0x00, 0x00, 0x02,
    0x00, 0x7f, 0x7f, 0x02, 0x09, 0x25, 0x2e, 0x37, 0x08, 0x3f, 0x2f, 0xc8, 0x0b, 0x66, 0x22, 0xff,
    0x0b, 0x61, 0x19, 0xff, 0x08, 0x50, 0x2a, 0xff, 0x08, 0x4f, 0x28, 0xff, 0x08, 0x51, 0x21, 0xff,
    0x11, 0x6f, 0x08, 0xff, 0x13, 0x72, 0x03, 0xff, 0x02, 0x44, 0x2b, 0xff, 0x05, 0x4c, 0x21, 0xfe,
    0x0e, 0x67, 0x0c, 0xfe, 0x0b, 0x2e, 0x27, 0x89, 0x10, 0x1a, 0x1e, 0x4c, 0x09, 0x3c, 0x33, 0xdc,
    0x08, 0x1a, 0x1a, 0x39, 0x01, 0x00, 0x00, 0x00, 0x00, 0x00, 0x01, 0xa6, 0xc1, 0x43, 0x14, 0xfe,
    0xff, 0xac, 0x65, 0xfc, 0xfb, 0x96, 0x54, 0xff, 0x37, 0x16, 0x08, 0xff, 0x08, 0x0c, 0x0d, 0xfe,
    0x34, 0x32, 0x2e, 0xfe, 0x0b, 0x0b, 0x09, 0xff, 0x02, 0x01, 0x03, 0xef, 0x00, 0x00, 0x00, 0x0d,
    0x17, 0x34, 0x34, 0x2c, 0x06, 0x3f, 0x31, 0xe6, 0x04, 0x47, 0x28, 0xff, 0x07, 0x4f, 0x1c, 0xfe,
    0x06, 0x49, 0x21, 0xff, 0x07, 0x4f, 0x22, 0xff, 0x12, 0x72, 0x05, 0xff, 0x15, 0x79, 0x00, 0xff,
    0x11, 0x71, 0x04, 0xff, 0x0f, 0x69, 0x0b, 0xff, 0x10, 0x68, 0x0c, 0xfd, 0x08, 0x56, 0x21, 0xff,
    0x04, 0x30, 0x34, 0xbf, 0x0d, 0x1f, 0x36, 0x38, 0x07, 0x29, 0x2d, 0x43, 0x07, 0x36, 0x2d, 0xa9,
    0x05, 0x48, 0x38, 0xff, 0x06, 0x38, 0x2f, 0xd1, 0x0a, 0x24, 0x1f, 0x31, 0x00, 0x00, 0x00, 0x00,
    0x00, 0x00, 0x00, 0x01, 0x00, 0x00, 0x00, 0x00, 0x00, 0x00, 0x00, 0x00, 0x00, 0x00, 0x00, 0x00,
    0x00, 0x00, 0x00, 0x00, 0x00, 0x00, 0x00, 0x00, 0x00, 0x00, 0x00, 0x00, 0x00, 0x00, 0x00, 0x00,
    0x00, 0x00, 0x00, 0x00, 0x00, 0x00, 0x00, 0x00, 0x00, 0x00, 0x00, 0x00, 0x00, 0x00, 0x00, 0x00,
    0x00, 0x00, 0x00, 0x00, 0x00, 0x00, 0x00, 0x00, 0x00, 0x00, 0x00, 0x00, 0x00, 0x00, 0x00, 0x00,
    0x00, 0x55, 0x55, 0x03, 0x00, 0x00, 0x00, 0x00, 0x08, 0x21, 0x31, 0x5c, 0x05, 0x3c, 0x38, 0xb5,
    0x09, 0x37, 0x2d, 0x9c, 0x11, 0x25, 0x30, 0x4a, 0x19, 0x24, 0x37, 0x6f, 0x0a, 0x3c, 0x3c, 0xff,
    0x0d, 0x66, 0x10, 0xfe, 0x18, 0x7d, 0x00, 0xff, 0x0f, 0x67, 0x0f, 0xff, 0x05, 0x4a, 0x28, 0xff,
    0x07, 0x4f, 0x25, 0xff, 0x07, 0x3e, 0x32, 0xd9, 0x06, 0x48, 0x29, 0xf3, 0x0b, 0x64, 0x13, 0xff,
    0x07, 0x3c, 0x28, 0xc2, 0x11, 0x00, 0x33, 0x0f, 0x02, 0x01, 0x01, 0xc9, 0x2c, 0x0a, 0x00, 0xff,
    0xc8, 0x57, 0x25, 0xfd, 0xff, 0x77, 0x2e, 0xff, 0x69, 0x1b, 0x07, 0xfe, 0x04, 0x00, 0x01, 0xff,
    0x34, 0x34, 0x32, 0xff, 0x20, 0x1f, 0x1d, 0xff, 0x02, 0x00, 0x01, 0xe4, 0x09, 0x1d, 0x3a, 0x34,
    0x08, 0x46, 0x31, 0xd2, 0x0a, 0x61, 0x0c, 0xff, 0x07, 0x52, 0x17, 0xfe, 0x04, 0x43, 0x2a, 0xff,
    0x03, 0x40, 0x2c, 0xff, 0x08, 0x53, 0x1d, 0xff, 0x15, 0x7a, 0x00, 0xff, 0x12, 0x72, 0x01, 0xff,
    0x13, 0x75, 0x00, 0xff, 0x15, 0x78, 0x00, 0xff, 0x15, 0x79, 0x00, 0xfe, 0x12, 0x74, 0x05, 0xff,
    0x0d, 0x5a, 0x11, 0xe8, 0x06, 0x41, 0x25, 0xbf, 0x05, 0x2a, 0x2e, 0x89, 0x33, 0x00, 0x33, 0x0a,
    0x13, 0x33, 0x39, 0x28, 0x0f, 0x27, 0x2f, 0x20, 0x00, 0x00, 0x00, 0x00, 0x00, 0x00, 0x7f, 0x02,
    0x00, 0x00, 0x00, 0x00, 0x00, 0x00, 0x00, 0x00, 0x00, 0x00, 0x00, 0x00, 0x00, 0x00, 0x00, 0x00,
    0x00, 0x00, 0x00, 0x00, 0x00, 0x00, 0x00, 0x00, 0x00, 0x00, 0x00, 0x00, 0x00, 0x00, 0x00, 0x00,
    0x00, 0x00, 0x00, 0x00, 0x00, 0x00, 0x00, 0x00, 0x00, 0x00, 0x00, 0x00, 0x00, 0x00, 0x00, 0x00,
    0x00, 0x00, 0x00, 0x00, 0x00, 0x00, 0x00, 0x00, 0x00, 0x00, 0x00, 0x00, 0x00, 0x00, 0x00, 0x00,
    0x00, 0x00, 0x00, 0x00, 0x00, 0x00, 0x00, 0x02, 0x00, 0x00, 0x00, 0x00, 0x00, 0x00, 0x00, 0x00,
    0x00, 0x00, 0x00, 0x00, 0x06, 0x1f, 0x3b, 0x52, 0x06, 0x3e, 0x35, 0xd0, 0x0b, 0x5b, 0x1c, 0xfd,
    0x15, 0x75, 0x04, 0xfe, 0x15, 0x79, 0x01, 0xff, 0x14, 0x74, 0x04, 0xff, 0x04, 0x46, 0x2d, 0xff,
    0x04, 0x46, 0x2c, 0xff, 0x09, 0x5e, 0x15, 0xff, 0x0d, 0x69, 0x07, 0xff, 0x0b, 0x66, 0x0c, 0xfb,
    0x05, 0x43, 0x30, 0xfc, 0x09, 0x09, 0x24, 0x1c, 0x02, 0x01, 0x00, 0xd1, 0x11, 0x18, 0x18, 0xff,
    0x28, 0x0d, 0x05, 0xfd, 0x60, 0x25, 0x0c, 0xff, 0x3d, 0x0f, 0x09, 0xff, 0x07, 0x01, 0x03, 0xd2,
    0x1e, 0x1e, 0x1b, 0xf6, 0x32, 0x32, 0x2e, 0xff, 0x02, 0x00, 0x00, 0xdd, 0x07, 0x24, 0x3b, 0x45,
    0x05, 0x4a, 0x3b, 0xff, 0x0a, 0x5f, 0x0a, 0xfe, 0x0b, 0x5e, 0x0c, 0xff, 0x03, 0x41, 0x2d, 0xff,
    0x07, 0x4b, 0x24, 0xff, 0x10, 0x6b, 0x0a, 0xff, 0x15, 0x77, 0x00, 0xff, 0x15, 0x75, 0x00, 0xfe,
    0x14, 0x73, 0x01, 0xfd, 0x14, 0x74, 0x01, 0xff, 0x13, 0x74, 0x01, 0xff, 0x15, 0x79, 0x00, 0xff,
    0x13, 0x77, 0x00, 0xff, 0x0e, 0x6e, 0x10, 0xff, 0x10, 0x63, 0x0f, 0xfc, 0x0d, 0x5b, 0x1a, 0xc4,
    0x06, 0x31, 0x31, 0x96, 0x00, 0x00, 0x00, 0x00, 0x00, 0x55, 0x55, 0x03, 0x00, 0x00, 0x00, 0x00,
    0x00, 0x00, 0x00, 0x00, 0x00, 0x00, 0x00, 0x00, 0x00, 0x00, 0x00, 0x00, 0x00, 0x00, 0x00, 0x00,
    0x00, 0x00, 0x00, 0x00, 0x00, 0x00, 0x00, 0x00, 0x00, 0x00, 0x00, 0x00, 0x00, 0x00, 0x00, 0x00,
    0x00, 0x00, 0x00, 0x00, 0x00, 0x00, 0x00, 0x00, 0x00, 0x00, 0x00, 0x00, 0x00, 0x00, 0x00, 0x00,
    0x00, 0x00, 0x00, 0x00, 0x00, 0x00, 0x00, 0x00, 0x00, 0x00, 0x00, 0x00, 0x00, 0x00, 0x00, 0x00,
    0x00, 0x00, 0x00, 0x00, 0x00, 0x55, 0x55, 0x03, 0x00, 0x00, 0x00, 0x01, 0x07, 0x34, 0x31, 0x62,
    0x0a, 0x49, 0x2c, 0xd6, 0x0f, 0x56, 0x19, 0xee, 0x0e, 0x69, 0x17, 0xff, 0x12, 0x73, 0x02, 0xfe,
    0x16, 0x79, 0x00, 0xff, 0x15, 0x7a, 0x00, 0xff, 0x14, 0x78, 0x00, 0xff, 0x0c, 0x5f, 0x15, 0xff,
    0x04, 0x46, 0x2a, 0xff, 0x08, 0x55, 0x18, 0xfe, 0x0b, 0x5c, 0x14, 0xfe, 0x06, 0x54, 0x23, 0xff,
    0x09, 0x36, 0x2d, 0xa8, 0xff, 0xff, 0xff, 0x01, 0x01, 0x01, 0x01, 0xd8, 0x31, 0x2f, 0x2c, 0xff,
    0x28, 0x2d, 0x2b, 0xfc, 0x00, 0x01, 0x05, 0xfe, 0x00, 0x00, 0x02, 0xb9, 0x02, 0x02, 0x02, 0x72,
    0x0a, 0x09, 0x09, 0xff, 0x31, 0x30, 0x2d, 0xfc, 0x02, 0x00, 0x00, 0xea, 0x07, 0x28, 0x36, 0x46,
    0x05, 0x47, 0x41, 0xff, 0x04, 0x49, 0x24, 0xff, 0x06, 0x4b, 0x22, 0xff, 0x04, 0x43, 0x2c, 0xff,
    0x0d, 0x61, 0x13, 0xff, 0x16, 0x7b, 0x00, 0xff, 0x11, 0x6c, 0x06, 0xff, 0x11, 0x6d, 0x09, 0xff,
    0x17, 0x7e, 0x00, 0xff, 0x15, 0x78, 0x00, 0xfc, 0x15, 0x78, 0x00, 0xfe, 0x0f, 0x6a, 0x08, 0xff,
    0x10, 0x6c, 0x08, 0xfe, 0x18, 0x7e, 0x00, 0xfb, 0x14, 0x7c, 0x03, 0xfe, 0x0a, 0x5b, 0x20, 0xff,
    0x08, 0x31, 0x31, 0x9c, 0x7f, 0x7f, 0x00, 0x02, 0x00, 0xff, 0x00, 0x01, 0x00, 0x00, 0x00, 0x00,
    0x00, 0x00, 0x00, 0x00, 0x00, 0x00, 0x00, 0x00, 0x00, 0x00, 0x00, 0x00, 0x00, 0x00, 0x00, 0x00,
    0x00, 0x00, 0x00, 0x00, 0x00, 0x00, 0x00, 0x00, 0x00, 0x00, 0x00, 0x00, 0x00, 0x00, 0x00, 0x00,
    0x00, 0x00, 0x00, 0x00, 0x00, 0x00, 0x00, 0x00, 0x00, 0x00, 0x00, 0x00, 0x00, 0x00, 0x00, 0x00,
    0x00, 0x00, 0x00, 0x00, 0x00, 0x00, 0x00, 0x00, 0x00, 0x00, 0x00, 0x00, 0x00, 0x00, 0x00, 0x00,
    0x00, 0x00, 0x00, 0x00, 0x00, 0x55, 0x55, 0x03, 0x00, 0x00, 0x00, 0x01, 0x08, 0x2b, 0x31, 0x57,
    0x0a, 0x4d, 0x29, 0xf0, 0x10, 0x70, 0x0b, 0xff, 0x15, 0x79, 0x00, 0xfb, 0x17, 0x7b, 0x00, 0xff,
    0x15, 0x77, 0x00, 0xff, 0x0d, 0x60, 0x14, 0xff, 0x0d, 0x62, 0x11, 0xff, 0x14, 0x74, 0x02, 0xff,
    0x04, 0x43, 0x2e, 0xff, 0x03, 0x43, 0x2e, 0xff, 0x06, 0x50, 0x1f, 0xff, 0x09, 0x40, 0x26, 0xbe,
    0x1a, 0x1a, 0x1a, 0x13, 0x00, 0x00, 0x00, 0x82, 0x00, 0x00, 0x00, 0xf3, 0x2b, 0x2a, 0x28, 0xfe,
    0x43, 0x42, 0x3e, 0xfd, 0x12, 0x10, 0x0d, 0xff, 0x02, 0x00, 0x00, 0x63, 0x08, 0x08, 0x08, 0x1e,
    0x0a, 0x08, 0x08, 0xc9, 0x15, 0x14, 0x13, 0xff, 0x03, 0x01, 0x03, 0x99, 0x0c, 0x1f, 0x37, 0x29,
    0x09, 0x3e, 0x3f, 0xc1, 0x05, 0x46, 0x33, 0xff, 0x03, 0x40, 0x2f, 0xff, 0x08, 0x50, 0x21, 0xff,
    0x17, 0x7c, 0x00, 0xff, 0x16, 0x78, 0x01, 0xfe, 0x0c, 0x63, 0x12, 0xff, 0x07, 0x45, 0x22, 0xe6,
    0x14, 0x64, 0x0c, 0xd3, 0x0d, 0x6a, 0x19, 0xff, 0x13, 0x75, 0x05, 0xff, 0x10, 0x6d, 0x07, 0xfc,
    0x09, 0x5d, 0x12, 0xfb, 0x0e, 0x69, 0x12, 0xfe, 0x0a, 0x54, 0x1d, 0xfd, 0x07, 0x26, 0x2c, 0x90,
    0x01, 0x00, 0x00, 0x00, 0x00, 0xff, 0x00, 0x01, 0x00, 0x00, 0x00, 0x01, 0x00, 0x00, 0x00, 0x00,
    0x00, 0x00, 0x00, 0x00, 0x00, 0x00, 0x00, 0x00, 0x00, 0x00, 0x00, 0x00, 0x00, 0x00, 0x00, 0x00,
    0x00, 0x00, 0x00, 0x00, 0x00, 0x00, 0x00, 0x00, 0x00, 0x00, 0x00, 0x00, 0x00, 0x00, 0x00, 0x00,
    0x00, 0x00, 0x00, 0x00, 0x00, 0x00, 0x00, 0x00, 0x00, 0x00, 0x00, 0x00, 0x00, 0x00, 0x00, 0x00,
    0x00, 0x00, 0x00, 0x00, 0x00, 0x00, 0x00, 0x00, 0x00, 0x00, 0x00, 0x00, 0x00, 0x00, 0x00, 0x00,
    0x00, 0x00, 0x00, 0x00, 0x00, 0x00, 0x00, 0x00, 0x00, 0x55, 0x55, 0x03, 0x00, 0x00, 0x00, 0x00,
    0x08, 0x1f, 0x2d, 0x59, 0x06, 0x44, 0x2f, 0xe8, 0x0b, 0x63, 0x15, 0xff, 0x11, 0x6a, 0x0b, 0xfc,
    0x0e, 0x60, 0x16, 0xff, 0x06, 0x4e, 0x22, 0xff, 0x0a, 0x57, 0x1a, 0xff, 0x0f, 0x65, 0x0e, 0xff,
    0x09, 0x55, 0x1f, 0xff, 0x05, 0x47, 0x2a, 0xff, 0x0b, 0x5a, 0x17, 0xff, 0x17, 0x3b, 0x0b, 0x2b,
    0x01, 0x00, 0x03, 0x89, 0x13, 0x13, 0x12, 0xff, 0x16, 0x16, 0x14, 0xff, 0x32, 0x32, 0x30, 0xfd,
    0x2c, 0x2b, 0x29, 0xff, 0x08, 0x07, 0x07, 0xe6, 0x06, 0x00, 0x00, 0x2a, 0x00, 0x00, 0x00, 0x00,
    0x04, 0x04, 0x04, 0x34, 0x01, 0x00, 0x01, 0xa2, 0x0c, 0x18, 0x18, 0x15, 0x00, 0x00, 0x00, 0x00,
    0x0f, 0x26, 0x35, 0x43, 0x07, 0x45, 0x3e, 0xff, 0x04, 0x48, 0x26, 0xfc, 0x0a, 0x58, 0x1b, 0xff,
    0x11, 0x6b, 0x0a, 0xff, 0x15, 0x78, 0x00, 0xfd, 0x11, 0x71, 0x0d, 0xfd, 0x07, 0x45, 0x27, 0xd0,
    0x06, 0x1e, 0x41, 0x7d, 0x04, 0x3c, 0x39, 0xac, 0x0a, 0x4f, 0x1a, 0xf5, 0x10, 0x71, 0x12, 0xff,
    0x09, 0x5d, 0x1f, 0xff, 0x02, 0x3b, 0x32, 0xf9, 0x06, 0x2b, 0x26, 0x97, 0x01, 0x00, 0x00, 0x00,
    0x00, 0x7f, 0x7f, 0x02, 0x00, 0x00, 0x00, 0x01, 0x00, 0x00, 0x00, 0x00, 0x00, 0x00, 0x00, 0x00,
    0x00, 0x00, 0x00, 0x00, 0x00, 0x00, 0x00, 0x00, 0x00, 0x00, 0x00, 0x00, 0x00, 0x00, 0x00, 0x00,
    0x00, 0x00, 0x00, 0x00, 0x00, 0x00, 0x00, 0x00, 0x00, 0x00, 0x00, 0x00, 0x00, 0x00, 0x00, 0x00,
    0x00, 0x00, 0x00, 0x00, 0x00, 0x00, 0x00, 0x00, 0x00, 0x00, 0x00, 0x00, 0x00, 0x00, 0x00, 0x00,
    0x00, 0x00, 0x00, 0x00, 0x00, 0x00, 0x00, 0x00, 0x00, 0x00, 0x00, 0x00, 0x00, 0x00, 0x00, 0x00,
    0x00, 0x00, 0x00, 0x00, 0x00, 0x00, 0x00, 0x00, 0x00, 0x00, 0x00, 0x00, 0x00, 0x3f, 0x3f, 0x04,
    0x00, 0x00, 0x00, 0x00, 0x0b, 0x29, 0x2f, 0x5c, 0x06, 0x42, 0x31, 0xe9, 0x03, 0x46, 0x31, 0xff,
    0x07, 0x4f, 0x23, 0xfa, 0x12, 0x74, 0x00, 0xfc, 0x0d, 0x62, 0x10, 0xfc, 0x05, 0x4a, 0x24, 0xfc,
    0x12, 0x6f, 0x03, 0xff, 0x04, 0x46, 0x2e, 0xff, 0x04, 0x40, 0x31, 0xff, 0x09, 0x2e, 0x25, 0x37,
    0x00, 0x00, 0x00, 0xe2, 0x1f, 0x1e, 0x1c, 0xff, 0x3b, 0x3b, 0x38, 0xfc, 0x3f, 0x3f, 0x3c, 0xfd,
    0x0d, 0x0c, 0x0b, 0xff, 0x00, 0x00, 0x00, 0x83, 0x2a, 0x2a, 0x2a, 0x06, 0x00, 0x00, 0x00, 0x02,
    0x00, 0x00, 0x00, 0x00, 0x01, 0x01, 0x01, 0x00, 0x00, 0x00, 0x00, 0x03, 0x0c, 0x25, 0x2b, 0x29,
    0x08, 0x36, 0x2f, 0xb3, 0x04, 0x47, 0x2f, 0xfe, 0x06, 0x4d, 0x22, 0xfc, 0x06, 0x4f, 0x1f, 0xfc,
    0x04, 0x47, 0x27, 0xff, 0x0e, 0x65, 0x0c, 0xff, 0x16, 0x7d, 0x00, 0xfc, 0x11, 0x74, 0x0e, 0xff,
    0x0b, 0x4e, 0x2a, 0xca, 0x17, 0x17, 0x37, 0x20, 0x08, 0x2e, 0x2b, 0x5d, 0x03, 0x39, 0x31, 0xc2,
    0x05, 0x3b, 0x2f, 0xc2, 0x0b, 0x30, 0x26, 0x8a, 0x00, 0x00, 0x00, 0x00, 0x00, 0x7f, 0x7f, 0x02,
    0x00, 0x00, 0x00, 0x00, 0x00, 0x00, 0x00, 0x00, 0x00, 0x00, 0x00, 0x00, 0x00, 0x00, 0x00, 0x00,
    0x00, 0x00, 0x00, 0x00, 0x00, 0x00, 0x00, 0x00, 0x00, 0x00, 0x00, 0x00, 0x00, 0x00, 0x00, 0x00,
    0x00, 0x00, 0x00, 0x00, 0x00, 0x00, 0x00, 0x00, 0x00, 0x00, 0x00, 0x00, 0x00, 0x00, 0x00, 0x00,
    0x00, 0x00, 0x00, 0x00, 0x00, 0x00, 0x00, 0x00, 0x00, 0x00, 0x00, 0x00, 0x00, 0x00, 0x00, 0x00,
    0x00, 0x00, 0x00, 0x00, 0x00, 0x00, 0x00, 0x00, 0x00, 0x00, 0x00, 0x00, 0x00, 0x00, 0x00, 0x00,
    0x00, 0x00, 0x00, 0x00, 0x00, 0x00, 0x00, 0x00, 0x00, 0x00, 0x00, 0x00, 0x00, 0x00, 0x00, 0x00,
    0x00, 0x3f, 0x3f, 0x04, 0x00, 0x00, 0x00, 0x00, 0x0e, 0x2c, 0x2a, 0x5b, 0x06, 0x3f, 0x34, 0xe8,
    0x0a, 0x5d, 0x23, 0xff, 0x0c, 0x64, 0x16, 0xff, 0x02, 0x45, 0x35, 0xff, 0x04, 0x49, 0x30, 0xff,
    0x0c, 0x5c, 0x15, 0xfc, 0x09, 0x57, 0x1a, 0xff, 0x05, 0x45, 0x2d, 0xff, 0x09, 0x2a, 0x25, 0x36,
    0x03, 0x00, 0x01, 0x93, 0x00, 0x00, 0x00, 0xf3, 0x2e, 0x2d, 0x2b, 0xfe, 0x40, 0x40, 0x3d, 0xfc,
    0x0e, 0x0e, 0x0d, 0xff, 0x00, 0x00, 0x00, 0x55, 0x01, 0x01, 0x01, 0x00, 0x00, 0x00, 0x00, 0x03,
    0x00, 0x00, 0x00, 0x01, 0x00, 0x2a, 0x2a, 0x06, 0x00, 0x00, 0x00, 0x00, 0x07, 0x2f, 0x2a, 0x65,
    0x05, 0x4b, 0x38, 0xff, 0x04, 0x46, 0x25, 0xfa, 0x04, 0x45, 0x2d, 0xff, 0x04, 0x49, 0x30, 0xff,
    0x04, 0x43, 0x2d, 0xfd, 0x06, 0x4c, 0x26, 0xfb, 0x0f, 0x69, 0x0a, 0xfc, 0x14, 0x79, 0x00, 0xfb,
    0x0d, 0x6d, 0x19, 0xff, 0x05, 0x3e, 0x37, 0xe0, 0x07, 0x2d, 0x22, 0x43, 0x00, 0x00, 0x00, 0x00,
    0x00, 0x00, 0x00, 0x00, 0x00, 0x00, 0x00, 0x00, 0x00, 0xff, 0x00, 0x01, 0x00, 0x00, 0x00, 0x00,
    0x00, 0x00, 0x00, 0x00, 0x00, 0x00, 0x00, 0x00, 0x00, 0x00, 0x00, 0x00, 0x00, 0x00, 0x00, 0x00,
    0x00, 0x00, 0x00, 0x00, 0x00, 0x00, 0x00, 0x00, 0x00, 0x00, 0x00, 0x00, 0x00, 0x00, 0x00, 0x00,
    0x00, 0x00, 0x00, 0x00, 0x00, 0x00, 0x00, 0x00, 0x00, 0x00, 0x00, 0x00, 0x00, 0x00, 0x00, 0x00,
    0x00, 0x00, 0x00, 0x00, 0x00, 0x00, 0x00, 0x00, 0x00, 0x00, 0x00, 0x00, 0x00, 0x00, 0x00, 0x00,
    0x00, 0x00, 0x00, 0x00, 0x00, 0x00, 0x00, 0x00, 0x00, 0x00, 0x00, 0x00, 0x00, 0x00, 0x00, 0x00,
    0x00, 0x00, 0x00, 0x00, 0x00, 0x00, 0x00, 0x00, 0x00, 0x00, 0x00, 0x00, 0x00, 0x00, 0x00, 0x00,
    0x00, 0x00, 0x00, 0x00, 0x00, 0x3f, 0x3f, 0x04, 0x00, 0x00, 0x00, 0x00, 0x09, 0x2a, 0x27, 0x4e,
    0x07, 0x3a, 0x37, 0xa0, 0x04, 0x33, 0x2f, 0xb1, 0x05, 0x37, 0x2b, 0xb0, 0x06, 0x38, 0x2e, 0xbe,
    0x05, 0x46, 0x33, 0xff, 0x0a, 0x5c, 0x16, 0xfc, 0x05, 0x46, 0x2c, 0xfb, 0x0a, 0x25, 0x2a, 0x30,
    0x00, 0x00, 0x00, 0x00, 0x01, 0x01, 0x01, 0xd5, 0x19, 0x17, 0x16, 0xff, 0x3a, 0x38, 0x36, 0xfa,
    0x0f, 0x0f, 0x0e, 0xff, 0x00, 0x00, 0x00, 0x5b, 0x01, 0x01, 0x01, 0x00, 0x00, 0x00, 0x00, 0x03,
    0x00, 0x00, 0x00, 0x00, 0x00, 0x3f, 0x3f, 0x04, 0x00, 0x00, 0x00, 0x00, 0x08, 0x2f, 0x2c, 0x5c,
    0x05, 0x45, 0x35, 0xf9, 0x04, 0x48, 0x2f, 0xff, 0x05, 0x3e, 0x2d, 0xeb, 0x07, 0x39, 0x29, 0xae,
    0x06, 0x44, 0x2f, 0xff, 0x04, 0x4a, 0x36, 0xff, 0x05, 0x4f, 0x30, 0xff, 0x0a, 0x55, 0x16, 0xfe,
    0x08, 0x46, 0x15, 0xb2, 0x07, 0x3f, 0x31, 0xa9, 0x0a, 0x32, 0x27, 0x60, 0x00, 0xff, 0xff, 0x01,
    0x00, 0xaa, 0x55, 0x03, 0x00, 0xff, 0x00, 0x01, 0x00, 0x00, 0x00, 0x00, 0x00, 0x00, 0x00, 0x00,
    0x00, 0x00, 0x00, 0x00, 0x00, 0x00, 0x00, 0x00, 0x00, 0x00, 0x00, 0x00, 0x00, 0x00, 0x00, 0x00,
    0x00, 0x00, 0x00, 0x00, 0x00, 0x00, 0x00, 0x00, 0x00, 0x00, 0x00, 0x00, 0x00, 0x00, 0x00, 0x00,
    0x00, 0x00, 0x00, 0x00, 0x00, 0x00, 0x00, 0x00, 0x00, 0x00, 0x00, 0x00, 0x00, 0x00, 0x00, 0x00,
    0x00, 0x00, 0x00, 0x00, 0x00, 0x00, 0x00, 0x00, 0x00, 0x00, 0x00, 0x00, 0x00, 0x00, 0x00, 0x00,
    0x00, 0x00, 0x00, 0x00, 0x00, 0x00, 0x00, 0x00, 0x00, 0x00, 0x00, 0x00, 0x00, 0x00, 0x00, 0x00,
    0x00, 0x00, 0x00, 0x00, 0x00, 0x00, 0x00, 0x00, 0x00, 0x00, 0x00, 0x00, 0x00, 0x00, 0x00, 0x00,
    0x00, 0x00, 0x00, 0x00, 0x00, 0x00, 0x00, 0x00, 0x00, 0x00, 0x00, 0x02, 0x00, 0x00, 0x00, 0x00,
    0x00, 0x00, 0x00, 0x00, 0x00, 0x00, 0x00, 0x00, 0x00, 0x00, 0x00, 0x00, 0x17, 0x00, 0x00, 0x0b,
    0x09, 0x32, 0x2d, 0x9c, 0x04, 0x42, 0x3a, 0xff, 0x06, 0x46, 0x38, 0xff, 0x09, 0x2b, 0x2b, 0x35,
    0x00, 0x00, 0x00, 0x01, 0x05, 0x04, 0x05, 0xd7, 0x00, 0x00, 0x00, 0xff, 0x34, 0x32, 0x2f, 0xf9,
    0x12, 0x12, 0x11, 0xfe, 0x00, 0x00, 0x00, 0x59, 0x01, 0x01, 0x01, 0x00, 0x00, 0x00, 0x00, 0x03,
    0x00, 0x00, 0x00, 0x00, 0x00, 0x3f, 0x3f, 0x04, 0x00, 0x00, 0x00, 0x00, 0x07, 0x2f, 0x2d, 0x60,
    0x06, 0x4d, 0x3d, 0xff, 0x07, 0x42, 0x33, 0xe2, 0x0c, 0x32, 0x2f, 0x51, 0x01, 0x00, 0x00, 0x00,
    0x09, 0x30, 0x2c, 0x83, 0x08, 0x3b, 0x32, 0x97, 0x08, 0x3b, 0x34, 0x97, 0x08, 0x29, 0x31, 0x7c,
    0x00, 0x00, 0x00, 0x00, 0x00, 0x00, 0x00, 0x00, 0x00, 0x00, 0x00, 0x00, 0x00, 0x00, 0x00, 0x01,
    0x00, 0x00, 0x00, 0x00, 0x00, 0x00, 0x00, 0x00, 0x00, 0x00, 0x00, 0x00, 0x00, 0x00, 0x00, 0x00,
    0x00, 0x00, 0x00, 0x00, 0x00, 0x00, 0x00, 0x00, 0x00, 0x00, 0x00, 0x00, 0x00, 0x00, 0x00, 0x00,
    0x00, 0x00, 0x00, 0x00, 0x00, 0x00, 0x00, 0x00, 0x00, 0x00, 0x00, 0x00, 0x00, 0x00, 0x00, 0x00,
    0x00, 0x00, 0x00, 0x00, 0x00, 0x00, 0x00, 0x00, 0x00, 0x00, 0x00, 0x00, 0x00, 0x00, 0x00, 0x00,
    0x00, 0x00, 0x00, 0x00, 0x00, 0x00, 0x00, 0x00, 0x00, 0x00, 0x00, 0x00, 0x00, 0x00, 0x00, 0x00,
    0x00, 0x00, 0x00, 0x00, 0x00, 0x00, 0x00, 0x00, 0x00, 0x00, 0x00, 0x00, 0x00, 0x00, 0x00, 0x00,
    0x00, 0x00, 0x00, 0x00, 0x00, 0x00, 0x00, 0x00, 0x00, 0x00, 0x00, 0x00, 0x00, 0x00, 0x00, 0x00,
    0x00, 0x00, 0x00, 0x00, 0x00, 0x00, 0x00, 0x00, 0x00, 0x00, 0x00, 0x00, 0x00, 0x7f, 0x00, 0x02,
    0x00, 0x55, 0x55, 0x03, 0x00, 0x7f, 0x7f, 0x02, 0x00, 0x55, 0x55, 0x03, 0x00, 0x01, 0x00, 0x00,
    0x01, 0x00, 0x00, 0x00, 0x09, 0x31, 0x2e, 0x68, 0x09, 0x32, 0x2f, 0x6b, 0x0b, 0x16, 0x16, 0x17,
    0x00, 0x00, 0x00, 0x00, 0x0a, 0x06, 0x0a, 0x4b, 0x03, 0x01, 0x02, 0xea, 0x23, 0x21, 0x1f, 0xff,
    0x0f, 0x0e, 0x0d, 0xff, 0x00, 0x00, 0x00, 0x5b, 0x00, 0x00, 0x00, 0x00, 0x00, 0x00, 0x00, 0x03,
    0x00, 0x00, 0x00, 0x00, 0x00, 0x00, 0x00, 0x02, 0x00, 0x00, 0x00, 0x00, 0x06, 0x20, 0x1a, 0x27,
    0x09, 0x37, 0x33, 0x6e, 0x0b, 0x27, 0x27, 0x40, 0x00, 0x00, 0x00, 0x00, 0x00, 0x3f, 0x3f, 0x04,
    0x00, 0x00, 0x00, 0x00, 0x00, 0x00, 0x00, 0x00, 0x00, 0x00, 0x00, 0x00, 0x00, 0x00, 0x00, 0x00,
    0x00, 0x7f, 0x00, 0x02, 0x00, 0x55, 0x55, 0x03, 0x00, 0x7f, 0x00, 0x02, 0x00, 0x00, 0x00, 0x00,
    0x00, 0x00, 0x00, 0x00, 0x00, 0x00, 0x00, 0x00, 0x00, 0x00, 0x00, 0x00, 0x00, 0x00, 0x00, 0x00,
    0x00, 0x00, 0x00, 0x00, 0x00, 0x00, 0x00, 0x00, 0x00, 0x00, 0x00, 0x00, 0x00, 0x00, 0x00, 0x00,
    0x00, 0x00, 0x00, 0x00, 0x00, 0x00, 0x00, 0x00, 0x00, 0x00, 0x00, 0x00, 0x00, 0x00, 0x00, 0x00,
    0x00, 0x00, 0x00, 0x00, 0x00, 0x00, 0x00, 0x00, 0x00, 0x00, 0x00, 0x00, 0x00, 0x00, 0x00, 0x00,
    0x00, 0x00, 0x00, 0x00, 0x00, 0x00, 0x00, 0x00, 0x00, 0x00, 0x00, 0x00, 0x00, 0x00, 0x00, 0x00,
    0x00, 0x00, 0x00, 0x00, 0x00, 0x00, 0x00, 0x00, 0x00, 0x00, 0x00, 0x00, 0x00, 0x00, 0x00, 0x00,
    0x00, 0x00, 0x00, 0x00, 0x00, 0x00, 0x00, 0x00, 0x00, 0x00, 0x00, 0x00, 0x00, 0x00, 0x00, 0x00,
    0x00, 0x00, 0x00, 0x00, 0x00, 0x00, 0x00, 0x00, 0x00, 0x00, 0x00, 0x00, 0x00, 0x00, 0x00, 0x00,
    0x00, 0x00, 0x00, 0x00, 0x00, 0x00, 0x00, 0x00, 0x00, 0x00, 0x00, 0x00, 0x00, 0x00, 0x00, 0x01,
    0x00, 0xff, 0x00, 0x01, 0x00, 0x00, 0x00, 0x00, 0x00, 0x00, 0x00, 0x00, 0x00, 0x00, 0x00, 0x00,
    0x00, 0x00, 0x00, 0x01, 0x00, 0x00, 0x00, 0x00, 0x06, 0x03, 0x06, 0x4e, 0x07, 0x05, 0x07, 0xeb,
    0x06, 0x06, 0x06, 0x9e, 0x0a, 0x0a, 0x00, 0x18, 0x00, 0x00, 0x00, 0x01, 0x00, 0x00, 0x00, 0x01,
    0x00, 0x00, 0x00, 0x00, 0x00, 0x00, 0x00, 0x00, 0x00, 0x00, 0x00, 0x00, 0x00, 0x00, 0x00, 0x00,
    0x00, 0x00, 0x00, 0x00, 0x00, 0x00, 0x00, 0x00, 0x00, 0x55, 0x55, 0x03, 0x00, 0x00, 0x00, 0x00,
    0x00, 0x55, 0x55, 0x03, 0x00, 0x3f, 0x3f, 0x04, 0x00, 0x3f, 0x3f, 0x04, 0x00, 0x55, 0x55, 0x03,
    0x00, 0x00, 0x00, 0x00, 0x00, 0x00, 0x00, 0x00, 0x00, 0x00, 0x00, 0x00, 0x00, 0x00, 0x00, 0x00,
    0x00, 0x00, 0x00, 0x00, 0x00, 0x00, 0x00, 0x00, 0x00, 0x00, 0x00, 0x00, 0x00, 0x00, 0x00, 0x00,
    0x00, 0x00, 0x00, 0x00, 0x00, 0x00, 0x00, 0x00, 0x00, 0x00, 0x00, 0x00, 0x00, 0x00, 0x00, 0x00,
    0x00, 0x00, 0x00, 0x00, 0x00, 0x00, 0x00, 0x00, 0x00, 0x00, 0x00, 0x00, 0x00, 0x00, 0x00, 0x00,
    0x00, 0x00, 0x00, 0x00, 0x00, 0x00, 0x00, 0x00, 0x00, 0x00, 0x00, 0x00, 0x00, 0x00, 0x00, 0x00,
    0x00, 0x00, 0x00, 0x00, 0x00, 0x00, 0x00, 0x00, 0x00, 0x00, 0x00, 0x00, 0x00, 0x00, 0x00, 0x00,
    0x00, 0x00, 0x00, 0x00, 0x00, 0x00, 0x00, 0x00, 0x00, 0x00, 0x00, 0x00, 0x00, 0x00, 0x00, 0x00,
    0x00, 0x00, 0x00, 0x00, 0x00, 0x00, 0x00, 0x00, 0x00, 0x00, 0x00, 0x00, 0x00, 0x00, 0x00, 0x00,
    0x00, 0x00, 0x00, 0x00, 0x00, 0x00, 0x00, 0x00, 0x00, 0x00, 0x00, 0x00, 0x00, 0x00, 0x00, 0x00,
    0x00, 0x00, 0x00, 0x00, 0x00, 0x00, 0x00, 0x00, 0x00, 0x00, 0x00, 0x00, 0x00, 0x00, 0x00, 0x00,
    0x00, 0x00, 0x00, 0x00, 0x00, 0x3f, 0x3f, 0x04, 0x00, 0x3f, 0x3f, 0x04, 0x00, 0x00, 0x00, 0x01,
    0x00, 0x00, 0x00, 0x00, 0x00, 0x00, 0x00, 0x02, 0x00, 0x00, 0x00, 0x00, 0x06, 0x06, 0x06, 0x26,
    0x12, 0x12, 0x12, 0x0e, 0x00, 0x00, 0x00, 0x00, 0x00, 0x00, 0x00, 0x01, 0x00, 0x00, 0x00, 0x00,
    0x00, 0x00, 0x00, 0x00, 0x00, 0x00, 0x00, 0x00, 0x00, 0x00, 0x00, 0x00, 0x00, 0x00, 0x00, 0x01,
    0x00, 0x3f, 0x3f, 0x04, 0x00, 0x55, 0x00, 0x03, 0x00, 0x00, 0x00, 0x00, 0x00, 0x00, 0x00, 0x00,
    0x00, 0x00, 0x00, 0x00, 0x00, 0x00, 0x00, 0x00, 0x00, 0x00, 0x00, 0x00, 0x00, 0x00, 0x00, 0x00,
    0x00, 0x00, 0x00, 0x00, 0x00, 0x00, 0x00, 0x00, 0x00, 0x00, 0x00, 0x00, 0x00, 0x00, 0x00, 0x00,
    0x00, 0x00, 0x00, 0x00, 0x00, 0x00, 0x00, 0x00, 0x00, 0x00, 0x00, 0x00, 0x00, 0x00, 0x00, 0x00,
    0x00, 0x00, 0x00, 0x00, 0x00, 0x00, 0x00, 0x00, 0x00, 0x00, 0x00, 0x00, 0x00, 0x00, 0x00, 0x00,
    0x00, 0x00, 0x00, 0x00, 0x00, 0x00, 0x00, 0x00, 0x00, 0x00, 0x00, 0x00, 0x00, 0x00, 0x00, 0x00,
    0x00, 0x00, 0x00, 0x00, 0x00, 0x00, 0x00, 0x00, 0x00, 0x00, 0x00, 0x00, 0x00, 0x00, 0x00, 0x00,
    0x00, 0x00, 0x00, 0x00, 0x00, 0x00, 0x00, 0x00, 0x00, 0x00, 0x00, 0x00, 0x00, 0x00, 0x00, 0x00,
    0x00, 0x00, 0x00, 0x00, 0x00, 0x00, 0x00, 0x00, 0x00, 0x00, 0x00, 0x00, 0x00, 0x00, 0x00, 0x00,
    0x00, 0x00, 0x00, 0x00, 0x00, 0x00, 0x00, 0x00, 0x00, 0x00, 0x00, 0x00, 0x00, 0x00, 0x00, 0x00,
    0x00, 0x00, 0x00, 0x00, 0x00, 0x00, 0x00, 0x00, 0x00, 0x00, 0x00, 0x00, 0x00, 0x00, 0x00, 0x00,
    0x00, 0x00, 0x00, 0x00, 0x00, 0x00, 0x00, 0x00, 0x00, 0x00, 0x00, 0x00, 0x00, 0x00, 0x00, 0x00,
    0x00, 0x00, 0x00, 0x00, 0x00, 0x00, 0x00, 0x00, 0x00, 0x00, 0x00, 0x00, 0x00, 0x00, 0x00, 0x00,
    0x00, 0x00, 0x00, 0x00, 0x00, 0x00, 0x00, 0x00, 0x00, 0x00, 0x00, 0x01, 0x00, 0x00, 0x00, 0x00,
    0x00, 0x00, 0x00, 0x00, 0x00, 0x00, 0x00, 0x01, 0x00, 0x00, 0x00, 0x00, 0x00, 0x00, 0x00, 0x00,
    0x00, 0x00, 0x00, 0x00, 0x00, 0x00, 0x00, 0x00, 0x00, 0x00, 0x00, 0x00, 0x00, 0x00, 0x00, 0x00,
    0x00, 0x00, 0x00, 0x00, 0x00, 0x00, 0x00, 0x00, 0x00, 0x00, 0x00, 0x00, 0x00, 0x00, 0x00, 0x00,
    0x00, 0x00, 0x00, 0x00, 0x00, 0x00, 0x00, 0x00, 0x00, 0x00, 0x00, 0x00, 0x00, 0x00, 0x00, 0x00,
    0x00, 0x00, 0x00, 0x00, 0x00, 0x00, 0x00, 0x00, 0x00, 0x00, 0x00, 0x00, 0x00, 0x00, 0x00, 0x00,
    0x00, 0x00, 0x00, 0x00, 0x00, 0x00, 0x00, 0x00, 0x00, 0x00, 0x00, 0x00, 0x00, 0x00, 0x00, 0x00,
    0x00, 0x00, 0x00, 0x00, 0x00, 0x00, 0x00, 0x00, 0x00, 0x00, 0x00, 0x00, 0x00, 0x00, 0x00, 0x00,
    0x00, 0x00, 0x00, 0x00, 0x00, 0x00, 0x00, 0x00, 0x00, 0x00, 0x00, 0x00, 0x00, 0x00, 0x00, 0x00,
    0x00, 0x00, 0x00, 0x00, 0x00, 0x00, 0x00, 0x00, 0x00, 0x00, 0x00, 0x00, 0x00, 0x00, 0x00, 0x00,
    0x00, 0x00, 0x00, 0x00, 0x00, 0x00, 0x00, 0x00, 0x00, 0x00, 0x00, 0x00, 0x00, 0x00, 0x00, 0x00,
    0x00, 0x00, 0x00, 0x00, 0x00, 0x00, 0x00, 0x00, 0x00, 0x00, 0x00, 0x00, 0x00, 0x00, 0x00, 0x00,
    0x00, 0x00, 0x00, 0x00, 0x00, 0x00, 0x00, 0x00, 0x00, 0x00, 0x00, 0x00, 0x00, 0x00, 0x00, 0x00,
    0x00, 0x00, 0x00, 0x00, 0x00, 0x00, 0x00, 0x00, 0x00, 0x00, 0x00, 0x00, 0x00, 0x00, 0x00, 0x00,
    0x00, 0x00, 0x00, 0x00, 0x00, 0x00, 0x00, 0x00, 0x00, 0x00, 0x00, 0x00, 0x00, 0x00, 0x00, 0x00,
    0x00, 0x00, 0x00, 0x00, 0x00, 0x00, 0x00, 0x00, 0x00, 0x00, 0x00, 0x00, 0x00, 0x00, 0x00, 0x00,
    0x00, 0x00, 0x00, 0x00, 0x00, 0x00, 0x00, 0x00, 0x00, 0x00, 0x00, 0x00, 0x00, 0x00, 0x00, 0x02,
    0x00, 0x00, 0x00, 0x01, 0x00, 0x00, 0x00, 0x00, 0x00, 0x00, 0x00, 0x00, 0x00, 0x00, 0x00, 0x00,
    0x00, 0x00, 0x00, 0x00, 0x00, 0x00, 0x00, 0x00, 0x00, 0x00, 0x00, 0x00, 0x00, 0x00, 0x00, 0x00,
    0x00, 0x00, 0x00, 0x00, 0x00, 0x00, 0x00, 0x00, 0x00, 0x00, 0x00, 0x00, 0x00, 0x00, 0x00, 0x00,
    0x00, 0x00, 0x00, 0x00, 0x00, 0x00, 0x00, 0x00, 0x00, 0x00, 0x00, 0x00, 0x00, 0x00, 0x00, 0x00,
    0x00, 0x00, 0x00, 0x00, 0x00, 0x00, 0x00, 0x00, 0x00, 0x00, 0x00, 0x00, 0x00, 0x00, 0x00, 0x00,
    0x00, 0x00, 0x00, 0x00, 0x00, 0x00, 0x00, 0x00, 0x00, 0x00, 0x00, 0x00, 0x00, 0x00, 0x00, 0x00,
    0x00, 0x00, 0x00, 0x00, 0x00, 0x00, 0x00, 0x00, 0x00, 0x00, 0x00, 0x00, 0x00, 0x00, 0x00, 0x00,
    0x00, 0x00, 0x00, 0x00, 0x00, 0x00, 0x00, 0x00, 0x00, 0x00, 0x00, 0x00, 0x00, 0x00, 0x00, 0x00,
    0x00, 0x00, 0x00, 0x00, 0x00, 0x00, 0x00, 0x00, 0x00, 0x00, 0x00, 0x00, 0x00, 0x00, 0x00, 0x00,
    0x00, 0x00, 0x00, 0x00, 0x00, 0x00, 0x00, 0x00, 0x00, 0x00, 0x00, 0x00, 0x00, 0x00, 0x00, 0x00,
    0x00, 0x00, 0x00, 0x00, 0x00, 0x00, 0x00, 0x00, 0x00, 0x00, 0x00, 0x00, 0x00, 0x00, 0x00, 0x00,
    0x00, 0x00, 0x00, 0x00, 0x00, 0x00, 0x00, 0x00, 0x00, 0x00, 0x00, 0x00, 0x00, 0x00, 0x00, 0x00,
    0x00, 0x00, 0x00, 0x00, 0x00, 0x00, 0x00, 0x00, 0x00, 0x00, 0x00, 0x00, 0x00, 0x00, 0x00, 0x00,
    0x00, 0x00, 0x00, 0x00, 0x00, 0x00, 0x00, 0x00, 0x00, 0x00, 0x00, 0x00, 0x00, 0x00, 0x00, 0x00,
    0x00, 0x00, 0x00, 0x00, 0x00, 0x00, 0x00, 0x00, 0x00, 0x00, 0x00, 0x00, 0x00, 0x00, 0x00, 0x00,
    0x00, 0x00, 0x00, 0x00, 0x00, 0x00, 0x00, 0x00, 0x00, 0x00, 0x00, 0x00, 0x00, 0x00, 0x00, 0x00,
    0x00, 0x00, 0x00, 0x00, 0x00, 0x00, 0x00, 0x00, 0x00, 0x00, 0x00, 0x00, 0x00, 0x00, 0x00, 0x00,
    0x00, 0x00, 0x00, 0x00, 0x00, 0x00, 0x00, 0x00, 0x00, 0x00, 0x00, 0x00, 0x00, 0x00, 0x00, 0x00,
    0x00, 0x00, 0x00, 0x00, 0x00, 0x00, 0x00, 0x00, 0x00, 0x00, 0x00, 0x00, 0x00, 0x00, 0x00, 0x00,
    0x00, 0x00, 0x00, 0x00, 0x00, 0x00, 0x00, 0x00, 0x00, 0x00, 0x00, 0x00, 0x00, 0x00, 0x00, 0x00,
    0x00, 0x00, 0x00, 0x00, 0x00, 0x00, 0x00, 0x00, 0x00, 0x00, 0x00, 0x00, 0x00, 0x00, 0x00, 0x00,
    0x00, 0x00, 0x00, 0x00, 0x00, 0x00, 0x00, 0x00, 0x00, 0x00, 0x00, 0x00, 0x00, 0x00, 0x00, 0x00,
    0x00, 0x00, 0x00, 0x00, 0x00, 0x00, 0x00, 0x00, 0x00, 0x00, 0x00, 0x00, 0x00, 0x00, 0x00, 0x00,
    0x00, 0x00, 0x00, 0x00, 0x00, 0x00, 0x00, 0x00, 0x00, 0x00, 0x00, 0x00, 0x00, 0x00, 0x00, 0x00,
    0x00, 0x00, 0x00, 0x00, 0x00, 0x00, 0x00, 0x00, 0x00, 0x00, 0x00, 0x00, 0x00, 0x00, 0x00, 0x00,
    0x00, 0x00, 0x00, 0x00, 0x00, 0x00, 0x00, 0x00, 0x00, 0x00, 0x00, 0x00, 0x00, 0x00, 0x00, 0x00,
    0x00, 0x00, 0x00, 0x00, 0x00, 0x00, 0x00, 0x00, 0x00, 0x00, 0x00, 0x00, 0x00, 0x00, 0x00, 0x00,
    0x00, 0x00, 0x00, 0x00, 0x00, 0x00, 0x00, 0x00, 0x00, 0x00, 0x00, 0x00, 0x00, 0x00, 0x00, 0x00,
    0x00, 0x00, 0x00, 0x00, 0x00, 0x00, 0x00, 0x00, 0x00, 0x00, 0x00, 0x00, 0x00, 0x00, 0x00, 0x00,
    0x00, 0x00, 0x00, 0x00, 0x00, 0x00, 0x00, 0x00, 0x00, 0x00, 0x00, 0x00, 0x00, 0x00, 0x00, 0x00,
    0x00, 0x00, 0x00, 0x00, 0x00, 0x00, 0x00, 0x00, 0x00, 0x00, 0x00, 0x00, 0x00, 0x00, 0x00, 0x00,
    0x00, 0x00, 0x00, 0x00, 0x00, 0x00, 0x00, 0x00, 0x00, 0x00, 0x00, 0x00, 0x00, 0x00, 0x00, 0x00,
    0x00, 0x00, 0x00, 0x00, 0x00, 0x00, 0x00, 0x00, 0x00, 0x00, 0x00, 0x00, 0x00, 0x00, 0x00, 0x00,
    0x00, 0x00, 0x00, 0x00, 0x00, 0x00, 0x00, 0x00, 0x00, 0x00, 0x00, 0x00, 0x00, 0x00, 0x00, 0x00,
    0x00, 0x00, 0x00, 0x00, 0x00, 0x00, 0x00, 0x00, 0x00, 0x00, 0x00, 0x00, 0x00, 0x00, 0x00, 0x00,
    0x00, 0x00, 0x00, 0x00, 0x00, 0x00, 0x00, 0x00, 0x00, 0x00, 0x00, 0x00, 0x00, 0x00, 0x00, 0x00,
    0x00, 0x00, 0x00, 0x00, 0x00, 0x00, 0x00, 0x00, 0x00, 0x00, 0x00, 0x00, 0x00, 0x00, 0x00, 0x00,
    0x00, 0x00, 0x00, 0x00, 0x00, 0x00, 0x00, 0x00, 0x00, 0x00, 0x00, 0x00, 0x00, 0x00, 0x00, 0x00,
    0x00, 0x00, 0x00, 0x00, 0x00, 0x00, 0x00, 0x00, 0x00, 0x00, 0x00, 0x00, 0x00, 0x00, 0x00, 0x00,
    0x00, 0x00, 0x00, 0x00, 0x00, 0x00, 0x00, 0x00, 0x00, 0x00, 0x00, 0x00, 0x00, 0x00, 0x00, 0x00,
    0x00, 0x00, 0x00, 0x00, 0x00, 0x00, 0x00, 0x00, 0x00, 0x00, 0x00, 0x00, 0x00, 0x00, 0x00, 0x00,
    0x00, 0x00, 0x00, 0x00, 0x00, 0x00, 0x00, 0x00, 0x00, 0x00, 0x00, 0x00, 0x00, 0x00, 0x00, 0x00,
    0x00, 0x00, 0x00, 0x00, 0x00, 0x00, 0x00, 0x00, 0x00, 0x00, 0x00, 0x00, 0x00, 0x00, 0x00, 0x00,
    0x00, 0x00, 0x00, 0x00, 0x00, 0x00, 0x00, 0x00, 0x00, 0x00, 0x00, 0x00, 0x00, 0x00, 0x00, 0x00,
    0x00, 0x00, 0x00, 0x00, 0x00, 0x00, 0x00, 0x00, 0x00, 0x00, 0x00, 0x00, 0x00, 0x00, 0x00, 0x00,
    0x00, 0x00, 0x00, 0x00, 0x00, 0x00, 0x00, 0x00, 0x00, 0x00, 0x00, 0x00, 0x00, 0x00, 0x00, 0x00,
    0x00, 0x00, 0x00, 0x00, 0x00, 0x00, 0x00, 0x00, 0x00, 0x00, 0x00, 0x00, 0x00, 0x00, 0x00, 0x00,
    0x00, 0x00, 0x00, 0x00, 0x00, 0x00, 0x00, 0x00, 0x00, 0x00, 0x00, 0x00, 0x00, 0x00, 0x00, 0x00,
    0x00, 0x00, 0x00, 0x00, 0x00, 0x00, 0x00, 0x00, 0x00, 0x00, 0x00, 0x00, 0x00, 0x00, 0x00, 0x00,
    0x00, 0x00, 0x00, 0x00, 0x00, 0x00, 0x00, 0x00, 0x00, 0x00, 0x00, 0x00, 0x00, 0x00, 0x00, 0x00,
    0x00, 0x00, 0x00, 0x00, 0x00, 0x00, 0x00, 0x00, 0x00, 0x00, 0x00, 0x00, 0x00, 0x00, 0x00, 0x00,
    0x00, 0x00, 0x00, 0x00, 0x00, 0x00, 0x00, 0x00, 0x00, 0x00, 0x00, 0x00, 0x00, 0x00, 0x00, 0x00,
    0x00, 0x00, 0x00, 0x00, 0x00, 0x00, 0x00, 0x00, 0x00, 0x00, 0x00, 0x00, 0x00, 0x00, 0x00, 0x00,
    0x00, 0x00, 0x00, 0x00, 0x00, 0x00, 0x00, 0x00, 0x00, 0x00, 0x00, 0x00, 0x00, 0x00, 0x00, 0x00,
    0x00, 0x00, 0x00, 0x00, 0x00, 0x00, 0x00, 0x00, 0x00, 0x00, 0x00, 0x00, 0x00, 0x00, 0x00, 0x00,
    0x00, 0x00, 0x00, 0x00, 0x00, 0x00, 0x00, 0x00, 0x00, 0x00, 0x00, 0x00, 0x00, 0x00, 0x00, 0x00,
    0x00, 0x00, 0x00, 0x00, 0x00, 0x00, 0x00, 0x00, 0x00, 0x00, 0x00, 0x00, 0x00, 0x00, 0x00, 0x00,
    0x00, 0x00, 0x00, 0x00, 0x00, 0x00, 0x00, 0x00, 0x00, 0x00, 0x00, 0x00, 0x00, 0x00, 0x00, 0x00,
    0x00, 0x00, 0x00, 0x00, 0x00, 0x00, 0x00, 0x00, 0x00, 0x00, 0x00, 0x00, 0x00, 0x00, 0x00, 0x00,
    0x00, 0x00, 0x00, 0x00, 0x00, 0x00, 0x00, 0x00, 0x00, 0x00, 0x00, 0x00, 0x00, 0x00, 0x00, 0x00,
    0x00, 0x00, 0x00, 0x00, 0x00, 0x00, 0x00, 0x00, 0x00, 0x00, 0x00, 0x00, 0x00, 0x00, 0x00, 0x00,
    0x00, 0x00, 0x00, 0x00, 0x00, 0x00, 0x00, 0x00, 0x00, 0x00, 0x00, 0x00, 0x00, 0x00, 0x00, 0x00,
    0x00, 0x00, 0x00, 0x00, 0x00, 0x00, 0x00, 0x00, 0x00, 0x00, 0x00, 0x00, 0x00, 0x00, 0x00, 0x00,
    0x00, 0x00, 0x00, 0x00, 0x00, 0x00, 0x00, 0x00, 0x00, 0x00, 0x00, 0x00, 0x00, 0x00, 0x00, 0x00,
    0x00, 0x00, 0x00, 0x00, 0x00, 0x00, 0x00, 0x00, 0x00, 0x00, 0x00, 0x00, 0x00, 0x00, 0x00, 0x00,
    0x00, 0x00, 0x00, 0x00, 0x00, 0x00, 0x00, 0x00, 0x00, 0x00, 0x00, 0x00, 0x00, 0x00, 0x00, 0x00,
    0x00, 0x00, 0x00, 0x00, 0x00, 0x00, 0x00, 0x00, 0x00, 0x00, 0x00, 0x00, 0x00, 0x00, 0x00, 0x00,
    0x00, 0x00, 0x00, 0x00, 0x00, 0x00, 0x00, 0x00, 0x00, 0x00, 0x00, 0x00, 0x00, 0x00, 0x00, 0x00,
    0x00, 0x00, 0x00, 0x00, 0x00, 0x00, 0x00, 0x00, 0x00, 0x00, 0x00, 0x00, 0x00, 0x00, 0x00, 0x00,
    0x00, 0x00, 0x00, 0x00, 0x00, 0x00, 0x00, 0x00, 0x00, 0x00, 0x00, 0x00, 0x00, 0x00, 0x00, 0x00,
    0x00, 0x00, 0x00, 0x00, 0x00, 0x00, 0x00, 0x00, 0x00, 0x00, 0x00, 0x00, 0x00, 0x00, 0x00, 0x00,
    0x00, 0x00, 0x00, 0x00, 0x00, 0x00, 0x00, 0x00, 0x00, 0x00, 0x00, 0x00, 0x00, 0x00, 0x00, 0x00,
    0x00, 0x00, 0x00, 0x00, 0x00, 0x00, 0x00, 0x00, 0x00, 0x00, 0x00, 0x00, 0x00, 0x00, 0x00, 0x00,
    0x00, 0x00, 0x00, 0x00, 0x00, 0x00, 0x00, 0x00, 0x00, 0x00, 0x00, 0x00, 0x00, 0x00, 0x00, 0x00,
    0x00, 0x00, 0x00, 0x00, 0x00, 0x00, 0x00, 0x00, 0x00, 0x00, 0x00, 0x00, 0x00, 0x00, 0x00, 0x00,
    0x00, 0x00, 0x00, 0x00, 0x00, 0x00, 0x00, 0x00, 0x00, 0x00, 0x00, 0x00, 0x00, 0x00, 0x00, 0x00,
    0x00, 0x00, 0x00, 0x00, 0x00, 0x00, 0x00, 0x00, 0x00, 0x00, 0x00, 0x00, 0x00, 0x00, 0x00, 0x00,
    0x00, 0x00, 0x00, 0x00, 0x00, 0x00, 0x00, 0x00, 0x00, 0x00, 0x00, 0x00, 0x00, 0x00, 0x00, 0x00,
    0x00, 0x00, 0x00, 0x00, 0x00, 0x00, 0x00, 0x00, 0x00, 0x00, 0x00, 0x00, 0x00, 0x00, 0x00, 0x00,
    0x00, 0x00, 0x00, 0x00, 0x00, 0x00, 0x00, 0x00, 0x00, 0x00, 0x00, 0x00, 0x00, 0x00, 0x00, 0x00,
    0x00, 0x00, 0x00, 0x00, 0x00, 0x00, 0x00, 0x00, 0x00, 0x00, 0x00, 0x00, 0x00, 0x00, 0x00, 0x00,
    0x00, 0x00, 0x00, 0x00, 0x00, 0x00, 0x00, 0x00, 0x00, 0x00, 0x00, 0x00, 0x00, 0x00, 0x00, 0x00,
    0x00, 0x00, 0x00, 0x00, 0x00, 0x00, 0x00, 0x00, 0x00, 0x00, 0x00, 0x00, 0x00, 0x00, 0x00, 0x00,
    0x00, 0x00, 0x00, 0x00, 0x00, 0x00, 0x00, 0x00, 0x00, 0x00, 0x00, 0x00, 0x00, 0x00, 0x00, 0x00,
    0x00, 0x00, 0x00, 0x00, 0x00, 0x00, 0x00, 0x00, 0x00, 0x00, 0x00, 0x00, 0x00, 0x00, 0x00, 0x00,
    0x00, 0x00, 0x00, 0x00, 0x00, 0x00, 0x00, 0x00, 0x00, 0x00, 0x00, 0x00, 0x00, 0x00, 0x00, 0x00,
    0x00, 0x00, 0x00, 0x00, 0x00, 0x00, 0x00, 0x00, 0x00, 0x00, 0x00, 0x00, 0x00, 0x00, 0x00, 0x00,
    0x00, 0x00, 0x00, 0x00, 0x00, 0x00, 0x00, 0x00, 0x00, 0x00, 0x00, 0x00, 0x00, 0x00, 0x00, 0x00,
    0x00, 0x00, 0x00, 0x00, 0x00, 0x00, 0x00, 0x00, 0x00, 0x00, 0x00, 0x00, 0x00, 0x00, 0x00, 0x00,
};

#endif
